代理人,技能,段,伤害倍率,伤害倍率成长,失衡倍率,失衡倍率成长,能量回复,异常积蓄,喧响值回复,闪能累积,秽盾削减值,技能类型,攻击类型,能量额外消耗,特殊能量,距离衰减
安比,普通攻击：伏特速攻,一段,0.312,0.029,0.156,0.008,0.562,0.0,4.29,0.0,15.59,0,0,0.0,,
安比,普通攻击：伏特速攻,二段,0.337,0.031,0.287,0.014,1.032,0.0,7.8925,0.0,28.65,0,0,0.0,,
安比,普通攻击：伏特速攻,三段,1.136,0.104,0.896,0.041,3.226,0.0,24.64,0.0,89.59,0,0,0.0,,
安比,普通攻击：伏特速攻,四段,2.391,0.218,1.874,0.086,6.745,172.47,51.535,0.0,187.35,0,0,0.0,,
安比,普通攻击：落雷,,3.286,0.299,1.424,0.065,5.126,127.5,39.16,0.0,142.38,0,0,0.0,,
安比,特殊技：电光挥击,,0.934,0.085,0.934,0.043,0.0,93.3,25.685,0.0,46.66,1,1,0.0,,
安比,强化特殊技：苍雷斩,,5.83,0.53,4.818,0.219,0.0,532.37,188.155,0.0,178.3,1,2,0.0,,
安比,冲刺攻击：电弧斩,,0.567,0.052,0.284,0.013,1.02,0.0,7.81,0.0,28.32,2,3,0.0,,
安比,闪避反击：迅雷,,1.802,0.164,1.617,0.074,2.219,61.63,16.9675,0.0,211.64,2,4,0.0,,
安比,连携技：电磁引擎,,5.424,0.494,1.434,0.066,0.0,342.83,222.31,0.0,143.34,3,5,0.0,,
安比,终结技：过载引擎,,15.126,1.376,9.916,0.451,0.0,210.03,0.0,0.0,710.04,3,6,0.0,,
安比,快速支援：降雷,,0.617,0.057,0.617,0.029,2.219,61.63,16.9675,0.0,30.82,6,7,0.0,,
安比,招架支援：电光一闪,轻招架,0.0,0,2.467,0.113,0.0,0.0,0.0,0.0,366.64,6,8,0.0,,
安比,招架支援：电光一闪,重招架,0.0,0,3.117,0.142,0.0,0.0,0.0,0.0,416.64,6,8,0.0,,
安比,招架支援：电光一闪,连续招架,0.0,0,1.517,0.069,0.0,0.0,0.0,0.0,116.64,6,8,0.0,,
安比,支援突击：回旋闪电,,3.352,0.305,2.914,0.133,0.0,313.22,104.1975,0.0,160.0,6,9,0.0,,
猫又,普通攻击：猫猫爪刺,一段,0.552,0.051,0.18,0.009,0.616,17.08,4.7025,0.0,17.09,0,0,0.0,,
猫又,普通攻击：猫猫爪刺,二段,0.626,0.057,0.371,0.017,1.269,35.24,9.7075,0.0,35.25,0,0,0.0,,
猫又,普通攻击：猫猫爪刺,三段,0.727,0.067,0.467,0.022,1.599,44.4,12.2375,0.0,44.41,0,0,0.0,,
猫又,普通攻击：猫猫爪刺,四段,1.702,0.155,1.037,0.048,3.555,98.73,27.17,0.0,98.74,0,0,0.0,,
猫又,普通攻击：猫猫爪刺,五段,1.236,0.113,0.589,0.027,2.017,56.02,15.4275,0.0,58.98,0,0,0.0,,
猫又,普通攻击：赤色之刃,,0.718,0.066,0.589,0.027,2.017,56.02,15.4275,0.0,58.98,0,0,0.0,,
猫又,特殊技：奇袭,,0.473,0.043,0.473,0.022,0.0,45.01,12.4025,0.0,45.02,1,1,0.0,,
猫又,强化特殊技：超~凶奇袭！,,5.397,0.491,4.554,0.207,0.0,430.73,148.61,0.0,175.04,1,2,0.0,,
猫又,冲刺攻击：你在看哪边？,,0.351,0.032,0.176,0.008,0.601,16.68,16.06,0.0,16.69,2,3,0.0,,
猫又,闪避反击：虚影双刺,,2.279,0.208,1.995,0.091,3.239,89.96,24.75,0.0,239.97,2,4,0.0,,
猫又,连携技：刃爪挥击,,5.362,0.488,1.592,0.073,0.0,367.86,229.185,0.0,168.37,3,5,0.0,,
猫又,终结技：刃爪强袭,,15.711,1.429,1.181,0.054,0.0,124.96,0.0,0.0,624.97,3,6,0.0,,
猫又,快速支援：借用猫爪,,0.945,0.086,0.945,0.043,3.239,89.96,24.75,0.0,44.99,6,7,0.0,,
猫又,招架支援：应激防御,轻招架,0.0,0,2.59,0.118,0.0,0.0,0.0,0.0,366.64,6,8,0.0,,
猫又,招架支援：应激防御,重招架,0.0,0,3.273,0.149,0.0,0.0,0.0,0.0,416.64,6,8,0.0,,
猫又,招架支援：应激防御,连续招架,0.0,0,1.593,0.073,0.0,0.0,0.0,0.0,116.64,6,8,0.0,,
猫又,支援突击：迅影,,3.004,0.274,2.581,0.118,0.0,265.92,89.76,0.0,124.97,6,9,0.0,,
妮可,普通攻击：狡兔连打,一段A,0.389,0.036,0.195,0.009,0.7,0.0,5.3625,0.0,19.43,0,0,0.0,,
妮可,普通攻击：狡兔连打,一段B*3,0.271,0.025,0.209,0.01,0.7,0.0,5.3625,0.0,20.82,0,0,0.0,,
妮可,普通攻击：为所欲为,一段A,0.389,0.036,0.195,0.009,0.7,0.0,5.3625,0.0,19.43,0,0,0.0,,
妮可,普通攻击：为所欲为,一段B*3,0.494,0.045,0.209,0.01,0.7,0.0,5.3625,0.0,20.82,0,0,0.0,,
妮可,普通攻击：狡兔连打,二段A,0.353,0.033,0.29,0.014,1.041,0.0,7.975,0.0,28.92,0,0,0.0,,
妮可,普通攻击：狡兔连打,二段B*4,0.361,0.033,0.278,0.013,1.041,0.0,7.975,0.0,27.75,0,0,0.0,,
妮可,普通攻击：为所欲为,二段A,0.353,0.033,0.29,0.014,1.041,0.0,7.975,0.0,28.92,0,0,0.0,,
妮可,普通攻击：为所欲为,二段B*4,0.658,0.06,0.278,0.013,1.041,0.0,7.975,0.0,27.75,0,0,0.0,,
妮可,普通攻击：狡兔连打,三段A,1.243,0.113,1.043,0.048,3.754,0.0,28.6825,0.0,104.27,0,0,0.0,,
妮可,普通攻击：狡兔连打,三段B*20,1.804,0.164,1.388,0.064,3.754,0.0,28.6825,0.0,104.06,0,0,0.0,,
妮可,普通攻击：为所欲为,三段A,1.243,0.113,1.043,0.048,3.754,0.0,28.6825,0.0,104.27,0,0,0.0,,
妮可,普通攻击：为所欲为,三段B*20,3.29,0.3,1.388,0.064,3.754,0.0,28.6825,0.0,104.06,0,0,0.0,,
妮可,特殊技：糖衣炮弹,A,0.263,0.024,0.25,0.012,0.0,26.24,7.2325,0.0,26.25,1,1,0.0,,
妮可,特殊技：糖衣炮弹,B,0.263,0.024,0.25,0.012,0.0,26.24,7.2325,0.0,26.25,1,1,0.0,,
妮可,强化特殊技：夹心糖衣炮弹,蓄力,2.15,0.196,1.798,0.082,0.0,197.35,68.805,0.0,74.18,1,2,0.0,,
妮可,强化特殊技：夹心糖衣炮弹,炮击A,1.075,0.098,0.899,0.041,0.0,98.67,34.4025,0.0,37.09,1,2,0.0,,
妮可,强化特殊技：夹心糖衣炮弹,炮击B,1.075,0.098,0.899,0.041,0.0,98.67,34.4025,0.0,37.09,1,2,0.0,,
妮可,强化特殊技：夹心糖衣炮弹,能量场,3.87,0.352,3.236,0.148,0.0,394.71,137.61,0.0,148.35,1,2,0.0,,
妮可,冲刺攻击：惊喜开箱,前闪攻击A,0.412,0.038,0.29,0.014,1.02,0.0,7.81,0.0,28.91,2,3,0.0,,
妮可,冲刺攻击：惊喜开箱,前闪攻击B*13,1.173,0.107,0.451,0.021,1.02,0.0,7.81,0.0,45.09,2,3,0.0,,
妮可,冲刺攻击：惊喜开箱,后闪攻击,0.6,0.055,0.6,0.028,2.159,0.0,8.25,0.0,29.99,2,3,0.0,,
妮可,闪避反击：牵制炮击,A,0.912,0.083,0.817,0.038,2.279,31.64,8.7175,0.0,106.65,2,3,0.0,,
妮可,闪避反击：牵制炮击,B,0.912,0.083,0.817,0.038,1.919,31.64,8.7175,0.0,106.65,2,4,0.0,,
妮可,连携技：高价以太爆弹,炮击A,1.048,0.096,0.25,0.012,0.0,64.89,43.45,0.0,25.0,3,5,0.0,,
妮可,连携技：高价以太爆弹,炮击B,1.048,0.096,0.25,0.012,0.0,64.89,43.45,0.0,25.0,3,5,0.0,,
妮可,连携技：高价以太爆弹,能量场,2.83,0.258,0.675,0.031,0.0,194.69,130.35,0.0,75.0,3,5,0.0,,
妮可,终结技：特制以太榴弹,炮击,6.468,0.588,0.36,0.017,0.0,35.99,0.0,0.0,236.0,3,5,0.0,,
妮可,终结技：特制以太榴弹,能量场,8.732,0.794,0.486,0.023,0.0,53.99,0.0,0.0,354.0,3,5,0.0,,
妮可,快速支援：救急炮击,A,0.317,0.029,0.317,0.015,1.14,31.64,8.7175,0.0,15.83,6,7,0.0,,
妮可,快速支援：救急炮击,B,0.317,0.029,0.317,0.015,1.14,31.64,8.7175,0.0,15.83,6,7,0.0,,
妮可,招架支援：狡兔出手！,轻招架,0.0,0,2.467,0.113,0.0,0.0,0.0,0.0,366.64,6,8,0.0,,
妮可,招架支援：狡兔出手！,重招架,0.0,0,3.117,0.142,0.0,0.0,0.0,0.0,416.64,6,8,0.0,,
妮可,招架支援：狡兔出手！,连续招架,0.0,0,1.517,0.069,0.0,0.0,0.0,0.0,116.64,6,8,0.0,,
妮可,支援突击：趁虚而入,,3.771,0.343,3.303,0.151,0.0,353.67,116.5725,0.0,189.97,6,9,0.0,,
「11号」,普通攻击：热身火花,一段,0.344,0.032,0.172,0.008,0.589,0.0,4.51,0.0,16.35,0,0,0.0,,
「11号」,普通攻击：火力镇压,一段,0.551,0.051,0.18,0.009,0.615,17.05,4.7025,0.0,17.06,0,0,0.0,,
「11号」,普通攻击：热身火花,二段,0.412,0.038,0.344,0.016,1.177,0.0,8.9925,0.0,32.7,0,0,0.0,,
「11号」,普通攻击：火力镇压,二段,0.572,0.052,0.336,0.016,1.149,31.91,8.8,0.0,31.92,0,0,0.0,,
「11号」,普通攻击：热身火花,三段,1.028,0.094,0.823,0.038,2.82,0.0,21.56,0.0,78.32,0,0,0.0,,
「11号」,普通攻击：火力镇压,三段,1.32,0.12,0.752,0.035,2.577,71.57,19.69,0.0,71.58,0,0,0.0,,
「11号」,普通攻击：热身火花,四段,2.134,0.194,1.676,0.077,5.744,0.0,43.89,0.0,159.56,0,0,0.0,,
「11号」,普通攻击：火力镇压,四段,3.407,0.31,1.92,0.088,6.581,182.8,50.2975,0.0,182.81,0,0,0.0,,
「11号」,特殊技：烈火,,0.526,0.048,0.526,0.024,0.0,50.01,13.7775,0.0,50.02,1,1,0.0,,
「11号」,强化特殊技：盛燃烈火,,6.75,0.614,5.435,0.248,0.0,580.18,211.255,0.0,141.7,1,2,0.0,,
「11号」,冲刺攻击：炽火,,0.683,0.063,0.342,0.016,1.171,0.0,8.965,0.0,32.51,2,3,0.0,,
「11号」,冲刺攻击：火力镇压,,0.788,0.072,0.788,0.036,2.701,75.0,20.6525,0.0,37.51,2,3,0.0,,
「11号」,闪避反击：逆火,,2.62,0.239,2.258,0.103,4.14,114.99,31.625,0.0,265.0,2,4,0.0,,
「11号」,连携技：昂扬烈焰,,6.325,0.575,2.136,0.098,0.0,402.86,238.81,0.0,203.37,3,5,0.0,,
「11号」,终结技：轰鸣烈焰,,21.03,1.912,2.85,0.13,0.0,246.7,0.0,0.0,746.71,3,6,0.0,,
「11号」,快速支援：火力掩护,,1.208,0.11,1.208,0.055,4.14,114.99,31.625,0.0,57.5,6,7,0.0,,
「11号」,招架支援：巩固防线,轻招架,0.0,0,2.59,0.118,0.0,0.0,0.0,0.0,366.64,6,8,0.0,,
「11号」,招架支援：巩固防线,重招架,0.0,0,3.273,0.149,0.0,0.0,0.0,0.0,416.64,6,8,0.0,,
「11号」,招架支援：巩固防线,连续招架,0.0,0,1.593,0.073,0.0,0.0,0.0,0.0,116.64,6,8,0.0,,
「11号」,支援突击：重燃,,3.837,0.349,3.355,0.153,0.0,342.42,113.135,0.0,181.64,6,9,0.0,,
「11号」,普通攻击：火力镇压,五段,4.417,0.402,1.453,0.067,4.98,138.33,38.06,0.0,138.34,0,0,0.0,,
「11号」,普通攻击：火力镇压,强化普攻第五段,4.417,0.402,1.453,0.067,4.98,138.33,38.06,0.0,138.34,0,0,0.0,,
「11号」,普通攻击：火力镇压,强化普攻第五段额外,0.828,0.076,0.0,0.0,0.0,0.0,0.0,0.0,0.0,0,0,0.0,,
「11号」,普通攻击:火力迸发,,0.941,0.086,0.307,0.014,1.051,29.16,8.03,0.0,29.17,0,0,0.0,,
伊德海莉,普通攻击：碎惘沉击,一段,0.607,0.056,0.594,0.027,0.0,53.96,7.2875,2.159,53.97,0,0,0.0,,
伊德海莉,普通攻击：碎惘沉击,二段,0.86,0.079,0.873,0.04,0.0,79.33,10.6975,3.174,79.34,0,0,0.0,,
伊德海莉,普通攻击：碎惘沉击,三段,2.078,0.189,1.705,0.078,0.0,155.0,20.9,6.2,155.0,0,0,0.0,,
伊德海莉,普通攻击：碎惘沉击,一段伤害倍率（派生）,0.624,0.057,0.611,0.028,0.0,55.46,7.48,2.219,55.47,0,0,0.0,,
伊德海莉,普通攻击：霜寒拥覆,一级蓄力,1.614,0.147,1.482,0.068,0.0,134.69,18.15,3.146,134.7,0,0,0.0,,
伊德海莉,普通攻击：霜寒拥覆,二级蓄力,2.541,0.231,2.624,0.12,0.0,238.52,32.1475,4.79,238.53,0,0,0.0,,
伊德海莉,普通攻击：霜寒拥覆,三级蓄力下砸,3.459,0.315,2.842,0.13,0.0,258.33,34.815,6.317,258.34,0,0,0.0,,
伊德海莉,普通攻击：霜寒拥覆,三级蓄力旋转,2.358,0.215,1.778,0.081,0.0,161.63,21.8075,6.466,161.64,0,0,0.0,,
伊德海莉,特殊技：断想,特殊技：断想,0.396,0.036,0.495,0.023,0.0,44.99,6.0775,0.0,45.0,1,1,0.0,,
伊德海莉,强化特殊技：缠霜,强化特殊技：缠霜,5.102,0.464,5.136,0.234,0.0,523.24,93.335,0.0,128.34,1,2,0.0,,
伊德海莉,特殊技：溯寒追碾,特殊技：溯寒追碾,0.837,0.077,1.046,0.048,0.0,95.03,6.4075,0.0,95.04,1,1,0.0,,
伊德海莉,强化特殊技：极寒重碾,强化特殊技：极寒重碾,10.076,0.916,7.018,0.319,0.0,700.95,119.9275,0.0,259.97,1,2,0.0,,
伊德海莉,冲刺攻击：霜华突撼,,0.705,0.065,0.441,0.021,0.0,40.01,5.4175,1.601,40.02,2,3,0.0,,
伊德海莉,闪避反击：冰曳回震,,1.853,0.169,2.036,0.093,0.0,85.03,11.4675,3.402,235.04,2,4,0.0,,
伊德海莉,连携技：踱寒践约,,5.727,0.521,2.769,0.126,0.0,451.2,123.53,0.0,251.71,3,5,0.0,,
伊德海莉,终结技：终幕·惘事渡却,,15.221,1.384,1.943,0.089,0.0,176.63,0.0,0.0,676.64,3,6,0.0,,
伊德海莉,快速支援：撼霜驰援,,0.822,0.075,0.514,0.024,0.0,46.68,6.2975,1.868,46.69,6,7,0.0,,
伊德海莉,招架支援：闪震格拒,轻招架,0.0,0,2.713,0.124,0.0,0.0,0.0,0.0,366.64,6,8,0.0,,
伊德海莉,招架支援：闪震格拒,重招架,0.0,0,3.428,0.156,0.0,0.0,0.0,0.0,416.64,6,8,0.0,,
伊德海莉,招架支援：闪震格拒,连续招架,0.0,0,1.668,0.076,0.0,0.0,0.0,0.0,116.64,6,8,0.0,,
伊德海莉,支援突击：冰袭痛击,,3.134,0.285,3.419,0.156,0.0,333.42,54.0925,0.0,174.97,6,9,0.0,,
伊德海莉,强化特殊技：极寒重碾,额外能力寒冰触手,0.792,0.072,0.0,0.0,0.0,0.0,0.0,0.0,0.0,1,2,0.0,,
伊德海莉,连携技：踱寒践约,[以太帷幕·涌泉]中连携技,6.299,0.573,2.769,0.126,0.0,451.2,123.53,0.0,251.71,3,5,0.0,,
伊德海莉,霜凝千钧,霜凝千钧反击（派生）,0.487,0.045,0.367,0.017,0.0,33.33,4.51,1.334,33.34,0,0,0.0,,
可琳,普通攻击：扫除开始,一段,0.82,0.075,0.41,0.019,1.476,40.99,11.275,0.0,41.0,0,0,0.0,,
可琳,普通攻击：扫除开始,二段,0.766,0.07,0.702,0.032,2.526,70.16,19.305,0.0,70.17,0,0,0.0,,
可琳,普通攻击：扫除开始,三段,1.792,0.163,1.238,0.057,4.456,123.76,34.045,0.0,123.77,0,0,0.0,,
可琳,普通攻击：扫除开始,四段,2.334,0.213,1.864,0.085,6.709,186.33,51.26,0.0,186.34,0,0,0.0,,
可琳,普通攻击：扫除开始,五段,4.212,0.383,3.42,0.156,12.31,341.94,94.05,0.0,341.95,0,0,0.0,,
可琳,特殊技：强力清扫,回旋斩击,0.667,0.061,0.667,0.031,0.0,66.68,18.3425,0.0,66.69,0,0,0.0,,
可琳,特殊技：强力清扫,持续斩击最大,0.375,0.035,0.375,0.018,0.0,37.5,10.3125,0.0,37.5,0,0,0.0,,
可琳,特殊技：强力清扫,爆炸,0.25,0.023,0.25,0.012,0.0,24.99,6.875,0.0,25.0,1,1,0.0,,
可琳,强化特殊技：小心裙角,回旋斩击,3.451,0.314,2.064,0.094,0.0,203.33,68.9425,0.0,93.01,1,2,0.0,,
可琳,强化特殊技：小心裙角,持续斩击最大,10.352,0.942,6.19,0.282,0.0,610.01,206.7725,0.0,279.03,1,2,0.0,,
可琳,强化特殊技：小心裙角,爆炸,3.451,0.314,2.064,0.094,0.0,203.33,68.9425,0.0,93.01,1,2,0.0,,
可琳,冲刺攻击：[断],最大,0.967,0.088,0.484,0.022,1.741,48.34,13.31,0.0,48.35,2,3,0.0,,
可琳,闪避反击：[舍],A,1.356,0.124,0.659,0.03,2.37,65.81,18.1225,0.0,140.82,2,4,0.0,,
可琳,闪避反击：[舍],B,1.356,0.124,0.659,0.03,2.37,65.81,18.1225,0.0,140.82,2,4,0.0,,
可琳,连携技：抱歉…,,6.873,0.625,2.883,0.132,0.0,487.79,262.1575,0.0,288.3,3,5,0.0,,
可琳,终结技：非、非常抱歉！,,20.288,1.845,4.068,0.185,0.0,406.7,0.0,0.0,906.71,3,6,0.0,,
可琳,快速支援：应急措施,A,1.317,0.12,1.317,0.06,4.739,131.63,36.2175,0.0,65.82,6,7,0.0,,
可琳,快速支援：应急措施,B,0.833,0.076,0.833,0.038,2.999,83.29,22.9075,0.0,41.65,6,7,0.0,,
可琳,招架支援：请、请让我来！,轻招架,0.0,0,2.467,0.113,0.0,0.0,0.0,0.0,366.64,6,8,0.0,,
可琳,招架支援：请、请让我来！,重招架,0.0,0,3.117,0.142,0.0,0.0,0.0,0.0,416.64,6,8,0.0,,
可琳,招架支援：请、请让我来！,连续招架,0.0,0,1.517,0.069,0.0,0.0,0.0,0.0,116.64,6,8,0.0,,
可琳,支援突击：快速清扫,,5.475,0.498,4.886,0.223,0.0,518.01,166.7875,0.0,311.71,6,9,0.0,,
凯撒,普通攻击：横行斩打,一段,0.472,0.043,0.213,0.01,0.772,21.42,5.9125,0.0,21.43,0,0,0.0,,
凯撒,普通攻击：横行斩打,二段,0.409,0.038,0.338,0.016,1.228,34.09,9.3775,0.0,34.1,0,0,0.0,,
凯撒,普通攻击：横行斩打,三段,1.483,0.135,1.1,0.05,3.998,111.04,30.5525,0.0,111.05,0,0,0.0,,
凯撒,普通攻击：横行斩打,四段,0.788,0.072,0.675,0.031,2.453,68.12,18.755,0.0,68.13,0,0,0.0,,
凯撒,普通攻击：横行斩打,五段,1.986,0.181,1.375,0.063,4.997,138.79,38.17,0.0,138.8,0,0,0.0,,
凯撒,普通攻击：横行斩打,六段,3.999,0.364,2.626,0.12,9.549,265.24,72.9575,0.0,265.25,0,0,0.0,,
凯撒,普通攻击：此路不通！,,1.263,0.115,0.932,0.043,3.388,94.1,25.905,0.0,94.11,0,0,0.0,,
凯撒,普通攻击：横行斩打,三段（派生）,1.184,0.108,0.736,0.034,2.676,74.32,20.46,0.0,74.33,0,0,0.0,,
凯撒,特殊技：震荡盾击,,0.533,0.049,0.24,0.011,0.0,24.18,6.655,0.0,24.19,1,1,0.0,,
凯撒,特殊技：喧嚣直刺,,0.588,0.054,0.265,0.013,0.0,26.68,7.3425,0.0,26.69,1,1,0.0,,
凯撒,强化特殊技：招架反击,,3.872,0.352,2.526,0.115,0.0,249.11,84.6175,0.0,123.34,1,2,0.0,,
凯撒,强化特殊技：招架反击,[精准格挡]反击,3.872,0.352,2.526,0.115,0.0,249.11,84.6175,0.0,51.67,1,2,0.0,,
凯撒,强化特殊技：超强力盾击,,4.257,0.387,2.884,0.132,0.0,282.87,94.93,0.0,126.7,1,2,0.0,,
凯撒,特殊技：震荡盾击,[精准格挡],0.0,0,0.77,0.035,0.0,40.0,11.0275,0.0,0.0,1,1,0.0,,
凯撒,强化特殊技：招架反击,[精准格挡],0.0,0,1.54,0.07,0.0,100.0,27.5,0.0,0.0,1,2,0.0,,
凯撒,强化特殊技：超强力盾击,[精准格挡],0.0,0,1.54,0.07,0.0,100.0,27.5,0.0,0.0,1,2,0.0,,
凯撒,冲刺攻击：猪突猛进,,0.623,0.057,0.312,0.015,1.02,28.31,27.28,0.0,28.32,2,3,0.0,,
凯撒,闪避反击：以牙还牙,,1.935,0.176,1.742,0.08,2.101,58.33,16.06,0.0,208.34,2,4,0.0,,
凯撒,连携技：路怒震打,,6.388,0.581,1.999,0.091,0.0,381.16,232.8425,0.0,181.67,3,5,0.0,,
凯撒,终结技：暴君猛击,,20.123,1.83,2.787,0.127,0.0,253.29,0.0,0.0,753.3,3,6,0.0,,
凯撒,快速支援：变道支援,,0.642,0.059,0.642,0.03,2.101,58.33,16.06,0.0,58.34,6,7,0.0,,
凯撒,招架支援：守御之盾,轻招架,0.0,0,2.713,0.124,0.0,0.0,0.0,0.0,366.64,6,8,0.0,,
凯撒,招架支援：守御之盾,重招架,0.0,0,3.453,0.157,0.0,0.0,0.0,0.0,418.34,6,8,0.0,,
凯撒,招架支援：守御之盾,连续招架,0.0,0,1.693,0.077,0.0,0.0,0.0,0.0,118.34,6,8,0.0,,
凯撒,支援突击：支援之锋,,4.072,0.371,3.563,0.162,0.0,346.97,114.51,0.0,185.0,6,9,0.0,,
比利,普通攻击：火力全开,站姿开火,0.68,0.062,0.544,0.025,1.632,54.39,9.9825,0.0,67.99,0,0,0.0,,默认类型
比利,普通攻击：火力全开,站姿子弹,0.076,0.007,0.061,0.003,0.544,6.04,3.3275,0.0,7.56,0,0,0.0,,默认类型
比利,普通攻击：火力全开,蹲姿开火,0.618,0.057,0.547,0.025,1.969,29.03,15.0425,0.0,53.67,0,0,0.0,,默认类型
比利,普通攻击：火力全开,蹲姿子弹,0.127,0.012,0.089,0.005,0.321,8.89,2.4475,0.0,8.9,0,0,0.0,,默认类型
比利,普通攻击：火力全开,终结射击,0.495,0.045,0.552,0.026,3.971,80.79,15.18,0.0,38.05,0,0,0.0,,默认类型
比利,特殊技：乖乖站好,一段,0.242,0.022,0.242,0.011,0.0,24.14,6.655,0.0,24.15,1,1,0.0,,默认类型
比利,特殊技：乖乖站好,二段,0.517,0.047,0.517,0.024,0.0,25.84,14.2175,0.0,25.85,1,1,0.0,,默认类型
比利,特殊技：乖乖站好,三段,0.501,0.046,0.501,0.023,0.0,25.0,13.7775,0.0,25.01,1,1,0.0,,默认类型
比利,强化特殊技：清场时间,,5.438,0.495,4.395,0.2,0.0,446.87,162.03,0.0,114.97,1,2,0.0,,默认类型
比利,冲刺攻击：星-徽-制-裁,直线射击,0.39,0.036,0.195,0.009,0.78,43.29,5.9675,0.0,21.65,2,3,0.0,,默认类型
比利,冲刺攻击：星-徽-制-裁,周身射击,0.63,0.058,0.63,0.029,2.519,34.98,19.25,0.0,34.99,2,3,0.0,,默认类型
比利,闪避反击：公平决斗,,2.214,0.202,1.934,0.088,3.362,93.36,25.685,0.0,243.37,2,4,0.0,,默认类型
比利,连携技：星徽荣耀幻影,,7.352,0.669,1.966,0.09,0.0,417.83,242.935,0.0,218.34,3,5,0.0,,默认类型
比利,终结技：星徽在此闪耀,,15.977,1.453,1.906,0.087,0.0,211.7,0.0,0.0,711.71,3,6,0.0,,默认类型
比利,快速支援：星徽-同伴之力,,0.934,0.085,0.934,0.043,3.362,93.36,25.685,0.0,46.69,6,7,0.0,,默认类型
比利,支援突击：要害射击,,3.888,0.354,3.412,0.156,0.0,364.97,120.01,0.0,198.34,6,9,0.0,,默认类型
雅,普通攻击：风花,一段,0.269,0.025,0.135,0.007,0.44,0.0,3.3825,0.0,12.21,0,0,0.0,,
雅,普通攻击：风花,二段,0.296,0.027,0.269,0.013,0.879,0.0,6.7375,0.0,24.42,0,0,0.0,,
雅,普通攻击：风花,三段,0.628,0.058,0.464,0.022,1.517,62.9,11.605,0.0,42.14,0,0,0.0,,
雅,普通攻击：风花,四段,0.965,0.088,0.821,0.038,2.686,91.21,20.515,0.0,74.6,0,0,0.0,,
雅,普通攻击：风花,五段,1.29,0.118,1.31,0.06,4.285,129.27,32.7525,0.0,119.01,0,0,0.0,,
雅,特殊技：深雪,,0.358,0.033,0.358,0.017,0.0,32.51,8.965,0.0,32.52,1,1,0.0,,
雅,强化特殊技：飞雪,斩击A,1.574,0.144,1.287,0.059,0.0,157.75,46.53,0.0,38.67,1,2,0.0,,
雅,强化特殊技：飞雪,斩击B,2.36,0.215,1.93,0.088,0.0,250.52,69.7675,0.0,58.01,1,2,0.0,,
雅,强化特殊技：飞雪,追击A,1.933,0.176,1.62,0.074,0.0,189.25,56.155,0.0,62.0,1,2,0.0,,
雅,强化特殊技：飞雪,追击B,2.899,0.264,2.43,0.111,0.0,297.77,84.205,0.0,93.0,1,2,0.0,,
雅,冲刺攻击：冬蜂,,0.258,0.024,0.129,0.006,0.421,0.0,3.2175,0.0,11.69,2,3,0.0,,
雅,闪避反击：寒雀,,2.459,0.224,2.145,0.098,3.42,94.99,26.125,0.0,245.0,2,4,0.0,,
雅,连携技：春临,A,1.884,0.172,0.567,0.026,0.0,111.36,69.0525,0.0,51.52,3,5,0.0,,
雅,连携技：春临,B,1.884,0.172,0.567,0.026,0.0,111.36,69.0525,0.0,51.52,3,5,0.0,,
雅,连携技：春临,C,2.512,0.229,0.756,0.035,0.0,148.48,92.0425,0.0,68.69,3,5,0.0,,
雅,终结技：名残雪,,23.88,2.171,3.704,0.169,0.0,1137.16,0.0,0.0,836.67,3,6,0.0,,
雅,快速支援：花信风,,1.045,0.095,1.045,0.048,3.42,94.99,26.125,0.0,47.5,6,7,0.0,,
雅,招架支援：花筏,轻招架,0.0,0,2.713,0.124,0.0,0.0,0.0,0.0,366.64,6,8,0.0,,
雅,招架支援：花筏,重招架,0.0,0,3.428,0.156,0.0,0.0,0.0,0.0,416.64,6,8,0.0,,
雅,招架支援：花筏,连续招架,0.0,0,1.283,0.059,0.0,0.0,0.0,0.0,116.64,6,8,0.0,,
雅,支援突击：花辞,,3.378,0.308,2.919,0.133,0.0,286.17,95.9475,0.0,139.97,6,9,0.0,,
雅,普通攻击：霜月,一段蓄力斩击,4.547,0.414,0.44,0.02,1.44,39.98,11.0,0.0,39.99,0,0,0.0,,
雅,普通攻击：霜月,二段蓄力斩击,8.581,0.781,0.624,0.029,2.041,56.68,15.5925,0.0,56.69,0,0,0.0,,
雅,普通攻击：霜月,三段蓄力斩击,21.411,1.947,3.778,0.172,6.181,343.36,94.435,0.0,343.37,0,0,0.0,,
珂蕾妲,普通攻击：砸扁，粉碎,一段,0.636,0.058,0.318,0.015,1.09,0.0,8.3325,0.0,30.27,0,0,0.0,,
珂蕾妲,普通攻击：砸扁，粉碎,二段,0.792,0.072,0.655,0.03,2.246,0.0,17.16,0.0,62.38,0,0,0.0,,
珂蕾妲,普通攻击：砸扁，粉碎,三段,1.261,0.115,1.043,0.048,3.574,0.0,27.3075,0.0,99.27,0,0,0.0,,
珂蕾妲,普通攻击：砸扁，粉碎,四段,3.174,0.289,2.493,0.114,8.547,0.0,65.3125,0.0,237.41,0,0,0.0,,
珂蕾妲,普通攻击：砸扁，粉碎,强化普攻一段,1.608,0.147,0.614,0.028,2.105,44.35,16.0875,0.0,58.46,0,0,0.0,,
珂蕾妲,普通攻击：砸扁，粉碎,强化普攻二段,4.049,0.369,1.566,0.072,5.972,149.08,45.6225,0.0,165.88,0,0,0.0,,
珂蕾妲,普通攻击：砸扁，粉碎,强化普攻二段（协同）,5.013,0.456,2.346,0.107,7.311,186.29,55.8525,0.0,203.08,0,0,0.0,,
珂蕾妲,特殊技：爆破！铁锤时间,打击,0.519,0.048,0.519,0.024,0.0,64.18,13.585,0.0,49.35,1,1,0.0,,
珂蕾妲,特殊技：爆破！铁锤时间,引爆,0.778,0.071,0.778,0.036,0.0,59.18,20.3775,0.0,74.02,1,1,0.0,,
珂蕾妲,特殊技：爆破！铁锤时间,引爆（协同）,0.855,0.078,0.778,0.036,0.0,59.18,20.3775,0.0,74.02,1,1,0.0,,
珂蕾妲,强化特殊技：沸腾熔炉,打击,1.523,0.139,1.523,0.07,0.0,72.48,39.875,0.0,144.97,1,2,0.0,,
珂蕾妲,强化特殊技：沸腾熔炉,引爆,6.06,0.551,4.94,0.225,0.0,476.12,170.9675,0.0,136.64,1,2,0.0,,
珂蕾妲,强化特殊技：沸腾熔炉,引爆（协同）,6.666,0.606,4.94,0.225,0.0,476.12,170.9675,0.0,136.64,1,2,0.0,,
珂蕾妲,冲刺攻击：给我颤抖,,0.561,0.051,0.281,0.013,0.961,0.0,7.3425,0.0,26.67,2,3,0.0,,
珂蕾妲,闪避反击：别小看我,,3.439,0.313,2.888,0.132,6.299,174.96,48.125,0.0,324.97,2,4,0.0,,
珂蕾妲,连携技：天崩-地裂,,6.36,0.579,2.17,0.099,0.0,406.13,239.7175,0.0,206.64,3,5,0.0,,
珂蕾妲,终结技：锤进地心,,15.488,1.408,10.049,0.457,0.0,180.03,0.0,0.0,680.04,3,6,0.0,,
珂蕾妲,终结技：锤进地心,（协同）,16.94,1.54,10.965,0.499,0.0,190.66,0.0,0.0,673.34,3,6,0.0,,
珂蕾妲,快速支援：让我来,,1.838,0.168,1.838,0.084,6.299,174.96,48.125,0.0,87.49,6,7,0.0,,
珂蕾妲,招架支援：护身锤,轻招架,0.0,0,2.59,0.118,0.0,0.0,0.0,0.0,366.64,6,8,0.0,,
珂蕾妲,招架支援：护身锤,重招架,0.0,0,3.273,0.149,0.0,0.0,0.0,0.0,416.64,6,8,0.0,,
珂蕾妲,招架支援：护身锤,连续招架,0.0,0,1.593,0.073,0.0,0.0,0.0,0.0,116.64,6,8,0.0,,
珂蕾妲,支援突击：锤钟,,3.592,0.327,3.127,0.143,0.0,319.92,106.26,0.0,164.97,6,9,0.0,,
安东,普通攻击：热血上工操,一段,0.678,0.062,0.339,0.016,1.22,0.0,9.3225,0.0,33.89,0,0,0.0,,
安东,普通攻击：热血上工操,二段,0.923,0.084,0.753,0.035,2.709,0.0,20.7075,0.0,75.23,0,0,0.0,,
安东,普通攻击：热血上工操,三段,1.098,0.1,0.933,0.043,3.357,0.0,25.6575,0.0,93.25,0,0,0.0,,
安东,普通攻击：热血上工操,四段,2.291,0.209,1.814,0.083,6.53,0.0,49.885,0.0,181.38,0,0,0.0,,
安东,普通攻击：热血上工操（爆发状态）,一段,2.409,0.219,1.66,0.076,0.0,177.49,58.355,0.0,96.67,0,0,9.6666,,
安东,普通攻击：热血上工操（爆发状态）,二段,4.692,0.427,3.233,0.147,0.0,345.73,113.6575,0.0,188.31,0,0,18.6,,
安东,普通攻击：热血上工操（爆发状态）,三段,4.569,0.416,3.148,0.144,0.0,336.68,110.66,0.0,183.37,0,0,18.3366,,
安东,特殊技：兄弟，转起来！,,0.442,0.041,0.442,0.021,0.0,44.18,12.155,0.0,44.19,1,1,0.0,,
安东,特殊技：爆发钻击（爆发状态）,,2.314,0.211,1.184,0.054,0.0,217.21,71.4175,0.0,59.16,1,1,11.65,,
安东,强化特殊技：兄弟，突破天际！,,1.951,0.178,1.951,0.089,0.0,195.03,53.6525,0.0,195.04,1,2,0.0,,
安东,冲刺攻击：硬碰硬,,0.684,0.063,0.342,0.016,1.23,0.0,9.405,0.0,34.17,2,3,0.0,,
安东,闪避反击：回敬拳击,,2.712,0.247,2.317,0.106,4.741,0.0,36.2175,0.0,281.67,2,4,0.0,,
安东,闪避反击：过载钻击（爆发状态）,,4.654,0.424,3.518,0.16,0.0,269.23,88.495,0.0,296.64,2,4,23.0033,,
安东,连携技：转转转！,,6.407,0.583,2.417,0.11,0.0,441.13,249.3425,0.0,241.64,3,5,0.0,,
安东,终结技：转转转转转！,,18.164,1.652,2.434,0.111,0.0,243.36,0.0,0.0,743.37,3,6,0.0,,
安东,快速支援：并肩作战,,2.634,0.24,1.317,0.06,4.741,0.0,36.2175,0.0,65.84,6,7,0.0,,
安东,快速支援：援护钻击（爆发状态）,,3.654,0.333,2.518,0.115,0.0,269.23,88.495,0.0,73.32,6,7,23.0033,,
安东,招架支援：护身锤,轻招架,0.0,0,2.467,0.113,0.0,0.0,0.0,0.0,366.64,6,8,0.0,,
安东,招架支援：护身锤,重招架,0.0,0,3.117,0.142,0.0,0.0,0.0,0.0,416.64,6,8,0.0,,
安东,招架支援：护身锤,连续招架,0.0,0,1.517,0.069,0.0,0.0,0.0,0.0,116.64,6,8,0.0,,
安东,支援突击：极限突进,,3.258,0.297,2.827,0.129,0.0,304.22,101.4475,0.0,153.34,6,9,0.0,,
本,普通攻击：对账,一段,0.659,0.06,0.471,0.022,1.694,0.0,12.9525,0.0,47.06,0,0,0.0,,
本,普通攻击：对账,二段,1.89,0.172,1.569,0.072,5.646,0.0,43.1475,0.0,156.81,0,0,0.0,,
本,普通攻击：对账,三段,3.483,0.317,2.601,0.119,9.363,0.0,71.5275,0.0,260.08,0,0,0.0,,
本,特殊技：拳债统计,主动攻击,0.417,0.038,0.417,0.019,0.0,0.0,11.4675,0.0,41.66,1,1,0.0,,
本,特殊技：拳债统计,格挡反击,2.334,0.213,2.234,0.102,0.0,0.0,22.935,0.0,83.31,1,1,0.0,,
本,强化特殊技：到期还拳,主动攻击,4.385,0.399,2.471,0.113,0.0,270.99,94.27,0.0,103.52,1,2,0.0,,
本,强化特殊技：到期还拳,追加攻击,4.385,0.399,2.471,0.113,0.0,270.99,94.27,0.0,103.52,1,2,0.0,,
本,强化特殊技：到期还拳,格挡反击,5.005,0.455,3.676,0.168,0.0,330.71,112.53,0.0,147.76,1,2,0.0,,
本,强化特殊技：到期还拳,格挡追击,5.512,0.502,3.676,0.168,0.0,330.71,112.53,0.0,147.76,1,2,0.0,,
本,冲刺攻击：前来报销,,1.384,0.126,0.692,0.032,2.491,0.0,19.03,0.0,69.17,2,3,0.0,,
本,闪避反击：清算,,2.257,0.206,1.967,0.09,3.481,96.66,26.5925,0.0,246.67,2,4,0.0,,
本,连携技：盖章，结算,,6.273,0.571,3.283,0.15,0.0,427.79,245.6575,0.0,228.3,3,5,0.0,,
本,终结技：拳债，全面清偿,,16.43,1.494,1.1,0.05,0.0,110.0,0.0,0.0,610.0,3,6,0.0,,
本,快速支援：联合追债,,0.967,0.088,0.967,0.044,3.481,96.66,26.5925,0.0,48.34,6,7,0.0,,
本,招架支援：分摊风险,轻招架,0.0,0,2.251,0.103,0.0,0.0,0.0,0.0,350.04,6,8,0.0,,
本,招架支援：分摊风险,重招架,0.0,0,2.684,0.122,0.0,0.0,0.0,0.0,383.34,6,8,0.0,,
本,招架支援：分摊风险,连续招架,0.0,0,1.084,0.05,0.0,0.0,0.0,0.0,83.34,6,8,0.0,,
本,支援突击：违约惩罚,,3.259,0.297,2.828,0.129,0.0,304.26,101.475,0.0,153.37,6,9,0.0,,
苍角,普通攻击：打年糕,一段,0.662,0.061,0.331,0.016,1.192,0.0,9.1025,0.0,33.1,0,0,0.0,,
苍角,普通攻击：打年糕,二段,2.163,0.197,1.88,0.086,6.767,0.0,44.4125,0.0,187.96,0,0,0.0,,
苍角,普通攻击：打年糕,三段,2.931,0.267,2.217,0.101,7.98,0.0,54.2025,0.0,221.65,0,0,0.0,,
苍角,普通攻击：打年糕（霜染刃旗）,一段,0.766,0.07,0.466,0.022,1.677,46.57,12.815,0.0,46.58,0,0,0.0,,
苍角,普通攻击：打年糕（霜染刃旗）,二段,2.285,0.208,1.275,0.058,4.588,127.43,35.0625,0.0,127.44,0,0,0.0,,
苍角,普通攻击：打年糕（霜染刃旗）,三段,5.114,0.465,2.633,0.12,9.476,263.21,72.4075,0.0,263.22,0,0,0.0,,
苍角,特殊技：吹凉便当,一段,0.284,0.026,0.284,0.013,0.0,28.34,7.81,0.0,28.35,1,1,0.0,,
苍角,特殊技：吹凉便当,终结段,1.001,0.091,1.001,0.046,0.0,50.01,27.5275,0.0,50.02,1,1,0.0,,
苍角,强化特殊技：扇走蚊虫,风场,1.021,0.093,0.879,0.04,0.0,94.91,31.9825,0.0,27.07,1,2,0.0,,
苍角,强化特殊技：扇走蚊虫,连续攻击*2,2.624,0.239,2.258,0.103,0.0,244.07,82.225,0.0,115.98,1,2,0.0,,
苍角,特殊技：集合啦！,展旗,2.501,0.228,2.751,0.126,0.0,125.0,68.7775,0.0,125.01,1,2,0.0,,
苍角,特殊技：集合啦！,快速展旗,1.401,0.128,1.401,0.064,0.0,70.01,38.5275,0.0,70.02,1,2,0.0,,
苍角,特殊技：集合啦！,收旗攻击,2.45,0.223,2.45,0.112,0.0,122.5,67.375,0.0,122.5,1,2,0.0,,
苍角,冲刺攻击：对半分,,0.767,0.07,0.384,0.018,1.38,0.0,10.56,0.0,38.32,2,3,0.0,,
苍角,冲刺攻击：对半分（霜染刃旗）,,1.315,0.12,0.801,0.037,2.882,80.03,22.0275,0.0,40.02,2,3,0.0,,
苍角,闪避反击：别抢零食,,2.473,0.225,2.134,0.097,4.079,113.3,31.185,0.0,263.31,2,4,0.0,,
苍角,连携技：鹅鸡斩,,7.458,0.678,3.468,0.158,0.0,546.2,278.245,0.0,346.71,3,5,0.0,,
苍角,终结技：大份鹅鸡斩,,19.898,1.809,3.768,0.172,0.0,376.7,0.0,0.0,876.71,3,6,0.0,,
苍角,快速支援：双人套餐,,1.134,0.104,1.134,0.052,4.079,113.3,31.185,0.0,56.66,6,7,0.0,,
苍角,招架支援：防守战术,轻招架,0.0,0,2.467,0.113,0.0,0.0,0.0,0.0,366.64,6,8,0.0,,
苍角,招架支援：防守战术,重招架,0.0,0,3.117,0.142,0.0,0.0,0.0,0.0,416.64,6,8,0.0,,
苍角,招架支援：防守战术,连续招架,0.0,0,1.517,0.069,0.0,0.0,0.0,0.0,116.64,6,8,0.0,,
苍角,支援突击：席卷打击,A,2.64,0.24,2.313,0.106,0.0,247.57,81.5925,0.0,132.98,6,9,0.0,,
苍角,支援突击：席卷打击,B,1.132,0.103,0.991,0.046,0.0,106.1,34.98,0.0,56.99,6,9,0.0,,
莱卡恩,普通攻击：狩月舞步,一段,0.292,0.027,0.146,0.007,0.501,0.0,3.8225,0.0,13.9,0,0,0.0,,
莱卡恩,普通攻击：狩月舞步,一段蓄力,0.371,0.034,0.121,0.006,0.414,11.48,3.1625,0.0,11.49,0,0,0.0,,
莱卡恩,普通攻击：狩月舞步,二段,0.349,0.032,0.303,0.014,1.039,0.0,7.9475,0.0,28.85,0,0,0.0,,
莱卡恩,普通攻击：狩月舞步,二段蓄力,0.564,0.052,0.329,0.015,1.127,31.28,8.6075,0.0,31.29,0,0,0.0,,
莱卡恩,普通攻击：狩月舞步,三段,0.584,0.054,0.456,0.021,1.563,0.0,11.9625,0.0,43.41,0,0,0.0,,
莱卡恩,普通攻击：狩月舞步,三段蓄力,0.995,0.091,0.537,0.025,1.841,51.13,14.08,0.0,51.14,0,0,0.0,,
莱卡恩,普通攻击：狩月舞步,四段,1.52,0.139,1.12,0.051,3.838,0.0,29.315,0.0,106.6,0,0,0.0,,
莱卡恩,普通攻击：狩月舞步,四段蓄力,2.109,0.192,1.071,0.049,3.672,101.98,28.05,0.0,101.99,0,0,0.0,,
莱卡恩,普通攻击：狩月舞步,五段,1.807,0.165,1.477,0.068,5.062,0.0,38.665,0.0,140.59,0,0,0.0,,
莱卡恩,普通攻击：狩月舞步,五段一级蓄力,2.776,0.253,1.631,0.075,5.589,155.24,42.7075,0.0,155.25,0,0,0.0,,
莱卡恩,普通攻击：狩月舞步,五段二级蓄力,3.557,0.324,2.056,0.094,7.048,195.75,53.845,0.0,195.76,0,0,0.0,,
莱卡恩,特殊技：追猎时刻,A,0.228,0.021,0.228,0.011,0.0,21.66,5.9675,0.0,21.67,1,1,0.0,,
莱卡恩,特殊技：追猎时刻,B,0.543,0.05,0.543,0.025,0.0,25.83,14.2175,0.0,25.84,1,1,0.0,,
莱卡恩,特殊技：追猎时刻,蓄力A,0.228,0.021,0.228,0.011,0.0,21.66,5.9675,0.0,21.67,1,1,0.0,,
莱卡恩,特殊技：追猎时刻,蓄力B,1.103,0.101,1.103,0.051,0.0,52.5,28.9025,0.0,52.51,1,1,0.0,,
莱卡恩,强化特殊技：狂猎时刻,A,2.524,0.23,2.115,0.097,0.0,200.76,69.85,0.0,76.7,1,2,0.0,,
莱卡恩,强化特殊技：狂猎时刻,B,2.819,0.257,2.389,0.109,0.0,225.42,77.385,0.0,94.97,1,2,0.0,,
莱卡恩,强化特殊技：狂猎时刻,蓄力A,2.524,0.23,2.115,0.097,0.0,200.76,69.85,0.0,76.7,1,2,0.0,,
莱卡恩,强化特殊技：狂猎时刻,蓄力B,5.371,0.489,4.529,0.206,0.0,428.48,147.9225,0.0,173.37,1,2,0.0,,
莱卡恩,冲刺攻击：保持清洁,,0.473,0.043,0.237,0.011,0.811,0.0,6.215,0.0,22.51,2,3,0.0,,
莱卡恩,闪避反击：礼仪教导,,1.87,0.17,1.681,0.077,2.162,60.03,16.5275,0.0,210.04,2,4,0.0,,
莱卡恩,连携技：遵命,,6.378,0.58,2.188,0.1,0.0,407.86,240.185,0.0,208.37,3,5,0.0,,
莱卡恩,终结技：不辱使命,,16.941,1.541,10.966,0.499,0.0,173.36,0.0,0.0,673.37,3,6,0.0,,
莱卡恩,快速支援：狼群,,0.631,0.058,0.631,0.029,2.162,60.03,16.5275,0.0,30.02,6,7,0.0,,
莱卡恩,招架支援：狩猎干预,轻招架,0.0,0,2.59,0.118,0.0,0.0,0.0,0.0,366.64,6,8,0.0,,
莱卡恩,招架支援：狩猎干预,重招架,0.0,0,3.273,0.149,0.0,0.0,0.0,0.0,416.64,6,8,0.0,,
莱卡恩,招架支援：狩猎干预,连续招架,0.0,0,1.593,0.073,0.0,0.0,0.0,0.0,116.64,6,8,0.0,,
莱卡恩,支援突击：复仇反扑,,2.883,0.263,2.468,0.113,0.0,254.76,86.35,0.0,116.71,6,9,0.0,,
露西,普通攻击：淑女的球棍,一段,0.566,0.052,0.283,0.013,1.019,0.0,7.7825,0.0,28.3,0,0,0.0,,
露西,普通攻击：淑女的球棍,二段,0.778,0.071,0.65,0.03,2.34,0.0,17.875,0.0,64.98,0,0,0.0,,
露西,普通攻击：淑女的球棍,三段（派生）,2.115,0.193,1.623,0.074,5.842,0.0,44.6325,0.0,162.27,0,0,0.0,,
露西,普通攻击：淑女的球棍,三段,1.889,0.172,1.574,0.072,5.666,134.01,43.285,0.0,157.38,0,0,0.0,,
露西,普通攻击：淑女的球棍,四段,2.726,0.248,2.08,0.095,7.488,186.25,57.2,0.0,207.99,0,0,0.0,,
露西,特殊技：安打！,平直球,0.617,0.057,0.617,0.029,0.0,61.65,16.9675,0.0,61.66,1,1,0.0,,
露西,特殊技：安打！,高飞球,0.692,0.063,0.692,0.032,0.0,69.15,19.03,0.0,69.15,1,1,0.0,,
露西,强化特殊技：全垒打！,平直球,5.084,0.463,3.646,0.166,0.0,335.41,166.155,0.0,125.01,1,2,0.0,,
露西,强化特殊技：全垒打！,高飞球,5.364,0.488,3.896,0.178,0.0,342.41,174.405,0.0,145.0,1,2,0.0,,
露西,冲刺攻击：豪勇猪突！,,0.784,0.072,0.392,0.018,1.411,0.0,10.78,0.0,39.19,2,3,0.0,,
露西,闪避反击：獠牙折转！,,3.08,0.28,2.6,0.119,5.759,159.96,44.0,0.0,309.97,2,4,0.0,,
露西,连携技：大满贯！,*3,4.924,0.448,0.934,0.043,0.0,292.8,208.56,0.0,93.31,3,5,0.0,,
露西,终结技：再见全垒打！,,17.186,1.563,2.835,0.129,0.0,315.0,0.0,0.0,815.0,3,6,0.0,,
露西,快速支援：触身球！,,1.6,0.146,1.6,0.073,5.759,159.96,44.0,0.0,79.99,6,7,0.0,,
露西,招架支援：安全上垒！,轻招架,0.0,0,2.077,0.095,0.0,0.0,0.0,0.0,336.64,6,8,0.0,,
露西,招架支援：安全上垒！,重招架,0.0,0,2.294,0.105,0.0,0.0,0.0,0.0,353.34,6,8,0.0,,
露西,招架支援：安全上垒！,连续招架,0.0,0,0.694,0.032,0.0,0.0,0.0,0.0,53.34,6,8,0.0,,
露西,支援突击：触垒得分！,,3.491,0.318,3.043,0.139,0.0,326.67,108.3225,0.0,169.97,6,9,0.0,,
露西,亲卫队小猪：抄家伙！,棒球棍,0.925,0.085,0.155,0.008,0.0,0.0,0.0,0.0,0.0,0,0,0.0,,
露西,亲卫队小猪：抄家伙！,拳套,1.275,0.116,0.213,0.01,0.0,0.0,0.0,0.0,0.0,0,0,0.0,,
露西,亲卫队小猪：抄家伙！,弹弓,1.75,0.16,0.292,0.014,0.0,0.0,0.0,0.0,0.0,0,0,0.0,,
露西,亲卫队小猪：回旋挥击！,回旋挥击,2.5,0.228,0.2,0.01,0.0,0.0,0.0,0.0,0.0,0,0,0.0,,
露西,獠牙堪烈火,,3.0,0,0.417,0.0,0.0,41.66,0.0,0.0,0.0,1,1,0.0,,
莱特,普通攻击：L式轰鸣拳,一段,0.392,0.036,0.196,0.009,0.641,0.0,4.9225,0.0,17.81,0,0,0.0,,
莱特,普通攻击：L式轰鸣拳,二段,0.48,0.044,0.329,0.015,1.075,0.0,8.2225,0.0,29.86,0,0,0.0,,
莱特,普通攻击：L式轰鸣拳,三段,0.553,0.051,0.467,0.022,1.526,0.0,11.66,0.0,42.38,0,0,0.0,,
莱特,普通攻击：L式轰鸣拳,追击一段,0.869,0.079,0.605,0.028,1.978,0.0,15.125,0.0,54.95,0,0,0.0,,
莱特,普通攻击：L式轰鸣拳,追击二段,0.477,0.044,0.332,0.016,1.085,0.0,8.305,0.0,30.13,0,0,0.0,,
莱特,普通攻击：L式轰鸣拳,追击三段,0.581,0.053,0.404,0.019,1.321,0.0,10.0925,0.0,36.69,0,0,0.0,,
莱特,普通攻击：L式轰鸣拳,追击四段,0.328,0.03,0.228,0.011,0.745,0.0,5.6925,0.0,20.69,0,0,0.0,,
莱特,普通攻击：L式轰鸣拳,追击五段,0.89,0.081,0.619,0.029,2.025,0.0,15.4825,0.0,56.23,0,0,0.0,,
莱特,普通攻击：L式轰鸣拳,四段,0.789,0.072,0.761,0.035,2.491,55.05,19.03,0.0,69.18,0,0,0.0,,
莱特,普通攻击：L式轰鸣拳,五段起攻,1.636,0.149,1.295,0.059,4.762,123.87,36.3825,0.0,132.26,0,0,0.0,,
莱特,普通攻击：L式轰鸣拳,五段连击,1.229,0.112,0.813,0.037,2.798,77.7,21.395,0.0,77.71,0,0,0.0,,
莱特,普通攻击：L式轰鸣拳,五段终结,1.046,0.096,0.795,0.037,2.738,76.05,20.9275,0.0,76.06,0,0,0.0,,
莱特,特殊技：V式日轮升拳,,0.363,0.033,0.363,0.017,0.0,30.0,8.25,0.0,30.0,1,1,0.0,,
莱特,强化特殊技：V式日轮升拳-全冲程,,4.863,0.443,4.035,0.184,0.0,367.64,129.3325,0.0,128.31,1,2,0.0,,
莱特,强化特殊技：V式日轮升拳-全冲程,追击,2.927,0.267,2.477,0.113,0.0,223.26,76.725,0.0,93.37,1,2,0.0,,
莱特,冲刺攻击：骸突,,0.899,0.082,0.45,0.021,1.471,0.0,11.2475,0.0,40.85,2,3,0.0,,
莱特,闪避反击：烈闪,,1.863,0.17,1.687,0.077,1.921,53.33,14.685,0.0,203.34,2,4,0.0,,
莱特,连携技：V式灼日炎,,7.121,0.648,2.732,0.125,0.0,447.83,251.185,0.0,248.34,3,5,0.0,,
莱特,终结技：W式桂冠终火,,15.08,1.371,9.474,0.431,0.0,96.69,0.0,0.0,596.7,3,6,0.0,,
莱特,快速支援：烈闪-守,,0.697,0.064,0.697,0.032,2.28,63.33,17.435,0.0,31.67,6,7,0.0,,
莱特,招架支援：瞬破,轻招架,0.0,0,2.713,0.124,0.0,0.0,0.0,0.0,366.64,6,8,0.0,,
莱特,招架支援：瞬破,重招架,0.0,0,3.428,0.156,0.0,0.0,0.0,0.0,416.64,6,8,0.0,,
莱特,招架支援：瞬破,连续招架,0.0,0,1.668,0.076,0.0,0.0,0.0,0.0,116.64,6,8,0.0,,
莱特,支援突击：骸突-刺,,2.198,0.2,1.823,0.083,0.0,182.72,64.3225,0.0,63.34,6,9,0.0,,
莱特,普通攻击：L式轰鸣拳,五段强力终结（士气喷发状态）,4.354,0.396,1.324,0.061,3.609,100.23,215.0,0.0,100.24,0,0,0.0,,
莱特,普通攻击：L式轰鸣拳,五段起攻（士气喷发状态）,1.772,0.162,1.363,0.062,4.46,123.87,215.0,0.0,123.88,0,0,0.0,,
莱特,普通攻击：L式轰鸣拳,五段连击（士气喷发状态）,3.643,0.332,0.855,0.039,2.798,77.7,215.0,0.0,77.71,0,0,0.0,,
莱特,普通攻击：L式轰鸣拳,五段终结（士气喷发状态）,1.197,0.109,0.921,0.042,3.012,83.66,23.0175,0.0,83.67,0,0,0.0,,
柏妮思,普通攻击：炽焰直调式,一段,0.448,0.041,0.187,0.009,0.61,16.94,4.675,0.0,16.95,0,0,0.0,,
柏妮思,普通攻击：炽焰直调式,二段,0.435,0.04,0.308,0.014,1.007,0.0,7.7,0.0,27.95,0,0,0.0,,
柏妮思,普通攻击：炽焰直调式,三段,0.717,0.066,0.478,0.022,1.562,43.37,11.935,0.0,43.38,0,0,0.0,,
柏妮思,普通攻击：炽焰直调式,四段,0.666,0.061,0.304,0.014,0.992,27.54,7.59,0.0,27.55,0,0,0.0,,
柏妮思,普通攻击：炽焰直调式,五段,0.963,0.088,0.52,0.024,1.699,47.19,12.98,0.0,47.2,0,0,0.0,,
柏妮思,普通攻击：炽焰搅拌式,持续喷射,1.254,0.114,0.965,0.044,1.578,95.98,24.1175,0.0,87.66,0,0,0.0,,
柏妮思,普通攻击：炽焰搅拌式,终结一击,2.328,0.212,1.791,0.082,2.931,171.11,44.77,0.0,162.79,0,0,0.0,,
柏妮思,特殊技：灼热熟成法,,0.578,0.053,0.578,0.027,0.0,52.51,14.465,0.0,52.52,1,1,0.0,,
柏妮思,特殊技：灼热熟成法,蓄力,0.624,0.057,0.624,0.029,0.0,56.68,15.5925,0.0,56.69,1,1,0.0,,
柏妮思,强化特殊技：灼热摇荡法,持续喷射,5.438,0.495,3.786,0.173,0.0,411.1,136.7575,0.0,189.0,1,2,0.0,,
柏妮思,强化特殊技：灼热摇荡法,火焰冲击,0.967,0.088,0.657,0.03,0.0,71.55,24.0075,0.0,31.5,1,2,0.0,,
柏妮思,强化特殊技：灼热摇荡法·双份,持续喷射,9.581,0.871,5.857,0.267,0.0,530.24,183.975,0.0,227.37,1,2,0.0,,
柏妮思,强化特殊技：灼热摇荡法·双份,火焰冲击,2.871,0.261,2.078,0.095,0.0,183.65,60.3625,0.0,110.04,1,2,0.0,,
柏妮思,冲刺攻击：危险发酵式,,0.679,0.062,0.34,0.016,1.11,30.83,8.4975,0.0,30.84,2,3,0.0,,
柏妮思,闪避反击：摇荡闪,,2.197,0.2,1.944,0.089,1.38,76.66,21.0925,0.0,226.67,2,4,0.0,,
柏妮思,连携技：燃油熔焰,,6.809,0.619,2.42,0.11,0.0,1002.96,243.375,0.0,219.97,3,5,0.0,,
柏妮思,终结技：纵享盛焰,最大,20.122,1.83,1.064,0.049,0.0,861.16,0.0,0.0,596.67,3,6,0.0,,
柏妮思,快速支援：提神特饮,,0.844,0.077,0.844,0.039,1.38,76.66,21.0925,0.0,38.34,6,7,0.0,,
柏妮思,招架支援：烟熏油盅,轻招架,0.0,0,2.713,0.124,0.0,0.0,0.0,0.0,366.64,6,8,0.0,,
柏妮思,招架支援：烟熏油盅,重招架,0.0,0,3.428,0.156,0.0,0.0,0.0,0.0,416.64,6,8,0.0,,
柏妮思,招架支援：烟熏油盅,连续招架,0.0,0,1.668,0.076,0.0,0.0,0.0,0.0,116.64,6,8,0.0,,
柏妮思,支援突击：灼焰甘露,,3.276,0.298,2.824,0.129,0.0,277.22,93.1975,0.0,133.34,6,9,0.0,,
柏妮思,强化特殊技：灼热抛接法,,1.999,0.182,1.999,0.091,0.0,90.83,24.9975,0.0,90.84,1,2,0.0,,
柏妮思,核心被动：燃油特调,余烬,1.75,参见实际描述,0.0,0.0,0.0,60.0,0.0,0.0,0.0,6,0,0.0,,
格莉丝,普通攻击：高压射钉,一段,0.551,0.051,0.18,0.009,0.615,0.0,4.7025,0.0,17.08,0,0,0.0,,格莉丝型
格莉丝,普通攻击：高压射钉,二段,0.597,0.055,0.347,0.016,1.189,0.0,9.1025,0.0,33.02,0,0,0.0,,格莉丝型
格莉丝,普通攻击：高压射钉,三段,1.248,0.114,0.716,0.033,2.454,64.6,18.755,0.0,68.17,0,0,0.0,,格莉丝型
格莉丝,普通攻击：高压射钉,四段,1.863,0.17,1.072,0.049,4.081,0.0,31.185,0.0,113.35,0,0,0.0,,格莉丝型
格莉丝,特殊技：工程清障,,0.421,0.039,0.421,0.02,0.0,70.03,11.0275,0.0,20.02,1,1,0.0,,
格莉丝,强化特殊技：超规工程清障,（单段，未 * 2）,1.669,0.152,1.342,0.061,0.0,143.34,52.305,0.0,34.17,1,2,0.0,,
格莉丝,冲刺攻击：突击检查,,0.333,0.031,0.167,0.008,0.571,0.0,4.3725,0.0,15.86,2,3,0.0,,格莉丝型
格莉丝,闪避反击：违章处罚,,1.642,0.15,1.505,0.069,1.56,43.33,11.935,0.0,193.34,2,4,0.0,,格莉丝型
格莉丝,连携技：协作施工,,5.713,0.52,1.523,0.07,0.0,344.5,222.7775,0.0,145.01,3,5,0.0,,
格莉丝,终结技：工程爆破请勿接近,,14.788,1.345,1.331,0.061,0.0,895.7,0.0,0.0,626.7,3,6,0.0,,
格莉丝,快速支援：事故解决方案,,0.455,0.042,0.455,0.021,1.56,43.33,11.935,0.0,21.67,6,7,0.0,,格莉丝型
格莉丝,支援突击：反击电针,,3.593,0.327,3.128,0.143,0.0,320.01,106.2875,0.0,165.04,6,9,0.0,,
格莉丝,普通攻击：高压射钉,垫步射击,0.403,0.037,0.403,0.019,1.38,0.0,10.56,0.0,38.34,0,0,0.0,,格莉丝型
格莉丝,特殊技：工程清障·循环,,5.634,0.513,5.128,0.234,0.0,488.33,134.31,0.0,488.34,1,1,0.0,,格莉丝型
格莉丝,脉冲手雷倍率,,0.42,0.039,0.0,0.0,0.0,0.0,0.0,0.0,0.0,1,1,0.0,,格莉丝型
格莉丝,涡流集束手雷基础倍率,,0.875,0.08,0.0,0.0,0.0,0.0,0.0,0.0,0.0,1,2,0.0,,
艾莲,普通攻击：利齿修剪法,一段,0.488,0.045,0.244,0.012,0.679,0.0,6.105,0.0,22.18,0,0,0.0,,
艾莲,普通攻击：利齿修剪法,二段,1.111,0.101,0.868,0.04,2.415,0.0,21.6975,0.0,78.9,0,0,0.0,,
艾莲,普通攻击：利齿修剪法,三段,2.973,0.271,2.404,0.11,6.688,0.0,60.115,0.0,218.54,0,0,0.0,,
艾莲,普通攻击：急冻修剪法,一段,0.996,0.091,0.488,0.023,1.358,44.35,12.21,0.0,44.36,0,0,0.0,,
艾莲,普通攻击：急冻修剪法,二段,1.84,0.168,0.902,0.041,2.509,81.99,22.55,0.0,82.0,0,0,0.0,,
艾莲,普通攻击：急冻修剪法,三段,4.962,0.452,2.455,0.112,6.428,223.17,61.38,0.0,223.18,0,0,0.0,,
艾莲,冲刺攻击：冰渊潜袭,回旋斩击,0.623,0.057,0.623,0.029,2.038,56.59,15.565,0.0,56.6,2,3,0.0,,
艾莲,冲刺攻击：冰渊潜袭,快速剪击,1.276,0.116,0.982,0.045,3.211,89.19,24.53,0.0,89.2,2,3,0.0,,
艾莲,冲刺攻击：冰渊潜袭,蓄力剪击,1.582,0.144,1.217,0.056,3.981,110.56,30.415,0.0,110.57,2,3,0.0,,
艾莲,特殊技：摆尾,,0.505,0.046,0.505,0.023,0.0,45.84,12.6225,0.0,45.85,1,1,0.0,,
艾莲,强化特殊技：横扫,,3.772,0.343,4.051,0.185,0.0,403.73,140.36,0.0,155.04,1,2,0.0,,
艾莲,强化特殊技：鲨卷风,,5.533,0.503,3.717,0.169,0.0,372.19,130.7075,0.0,131.67,1,2,0.0,,
艾莲,冲刺攻击：骇浪,,0.77,0.07,0.385,0.018,1.26,0.0,9.625,0.0,34.99,2,3,0.0,,
艾莲,冲刺攻击：寒潮,,1.457,0.133,0.788,0.036,2.579,71.63,19.7175,0.0,35.82,2,3,0.0,,
艾莲,闪避反击：暗礁,,1.526,0.139,2.274,0.104,3.842,106.7,29.37,0.0,256.71,2,4,0.0,,
艾莲,连携技：雪崩,,7.946,0.723,3.557,0.162,0.0,522.83,271.81,0.0,323.34,3,5,0.0,,
艾莲,终结技：永冬狂宴,,18.908,1.719,1.852,0.085,0.0,168.33,0.0,0.0,668.34,3,6,0.0,,
艾莲,快速支援：护卫鲛,,1.211,0.111,1.211,0.056,3.962,110.03,30.2775,0.0,55.02,6,7,0.0,,
艾莲,招架支援：迎头浪,轻招架,0.0,0,2.713,0.124,0.0,0.0,0.0,0.0,366.64,6,8,0.0,,
艾莲,招架支援：迎头浪,重招架,0.0,0,3.428,0.156,0.0,0.0,0.0,0.0,416.64,6,8,0.0,,
艾莲,招架支援：迎头浪,连续招架,0.0,0,1.668,0.076,0.0,0.0,0.0,0.0,116.64,6,8,0.0,,
艾莲,支援突击：巡洋鲨,,4.379,0.399,3.848,0.175,0.0,373.92,122.76,0.0,204.97,6,9,0.0,,
艾莲,普通攻击：霜锋,对小体型敌人（单段，未*3）,0.324,0.03,0.148,0.007,0.482,13.36,3.685,0.0,13.37,0,0,0.0,,
艾莲,普通攻击：霜锋,对中体型敌人A（单段，未*3）,0.324,0.03,0.148,0.007,0.482,13.36,3.685,0.0,13.37,0,0,0.0,,
艾莲,普通攻击：霜锋,对中体型敌人B（单段，未*3）,0.243,0.023,0.111,0.006,0.361,10.02,2.7775,0.0,10.03,0,0,0.0,,
艾莲,普通攻击：霜锋,对大体型敌人A（单段，未*3）,0.324,0.03,0.148,0.007,0.482,13.36,3.685,0.0,13.37,0,0,0.0,,
艾莲,普通攻击：霜锋,对大体型敌人B（单段，未*6）,0.243,0.023,0.111,0.006,0.361,10.02,2.7775,0.0,10.03,0,0,0.0,,
艾莲,普通攻击：冰刃浪,一段,2.302,0.21,0.67,0.031,1.862,121.66,16.7475,0.0,91.25,0,0,0.0,,
艾莲,普通攻击：冰刃浪,二段,1.468,0.134,0.842,0.039,2.341,49.96,21.0375,0.0,54.64,0,0,0.0,,
悠真,普通攻击：穿云,一段,0.424,0.039,0.265,0.013,0.867,0.0,6.6275,0.0,24.07,0,0,0.0,,默认类型
悠真,普通攻击：穿云,二段,0.398,0.037,0.443,0.021,1.45,0.0,11.0825,0.0,40.28,0,0,0.0,,默认类型
悠真,普通攻击：穿云,三段,0.709,0.065,0.661,0.031,2.164,0.0,16.5275,0.0,60.09,0,0,0.0,,默认类型
悠真,普通攻击：穿云,四段,0.901,0.082,0.896,0.041,2.93,49.17,22.385,0.0,81.38,0,0,0.0,,默认类型
悠真,普通攻击：穿云,五段,1.329,0.121,1.154,0.053,3.777,65.84,28.875,0.0,104.91,0,0,0.0,,默认类型
悠真,普通攻击：穿云·移形,,0.695,0.064,0.487,0.023,1.593,0.0,12.1825,0.0,44.23,0,0,0.0,,默认类型
悠真,普通攻击：落羽,,1.054,0.096,0.527,0.024,1.724,33.51,13.1725,0.0,47.88,0,0,0.0,,默认类型
悠真,普通攻击：甲乙矢,,0.159,0.015,0.0,0.0,0.0,0.0,0.0,0.0,0.0,0,0,0.0,,
悠真,特殊技：天罗,,0.523,0.048,0.523,0.024,0.0,33.26,13.09,0.0,47.52,1,1,0.0,,默认类型
悠真,强化特殊技：地网,,4.493,0.409,4.49,0.205,0.0,319.11,164.78,0.0,121.64,1,2,0.0,,
悠真,冲刺攻击：飞弦,,0.807,0.074,0.404,0.019,1.321,0.0,10.0925,0.0,36.67,2,3,0.0,,默认类型
悠真,闪避反击：藏锋,,2.196,0.2,1.943,0.089,2.759,53.64,21.0925,0.0,226.64,2,4,0.0,,
悠真,连携技：会·离,,5.176,0.471,1.834,0.084,0.0,256.33,228.7175,0.0,166.7,3,5,0.0,,
悠真,终结技：残心,,19.539,1.777,1.069,0.049,0.0,61.81,0.0,0.0,588.31,3,6,0.0,,
悠真,快速支援：穿弦,,0.843,0.077,0.843,0.039,2.759,53.64,21.0925,0.0,38.32,6,7,0.0,,
悠真,招架支援：构身,轻招架,0.0,0,2.476,0.113,0.0,0.0,0.0,0.0,350.04,6,8,0.0,,
悠真,招架支援：构身,重招架,0.0,0,2.952,0.135,0.0,0.0,0.0,0.0,383.34,6,8,0.0,,
悠真,招架支援：构身,连续招架,0.0,0,1.192,0.055,0.0,0.0,0.0,0.0,83.34,6,8,0.0,,
悠真,支援突击：构身·斩,,3.071,0.28,2.633,0.12,0.0,181.45,87.6975,0.0,120.01,6,9,0.0,,
悠真,冲刺攻击：飞弦·斩,一段,1.623,0.148,0.66,0.03,1.08,41.97,16.5,0.0,29.99,2,3,0.0,,
悠真,冲刺攻击：飞弦·斩,二段,1.666,0.152,0.459,0.021,0.751,29.16,11.4675,0.0,41.67,2,3,0.0,,
悠真,冲刺攻击：飞弦·斩,三段,1.896,0.173,0.495,0.023,0.81,31.47,12.375,0.0,44.97,2,3,0.0,,
丽娜,普通攻击：痛打呆子,一段,0.44,0.04,0.245,0.012,0.838,0.0,6.4075,0.0,23.28,0,0,0.0,,默认类型
丽娜,普通攻击：痛打呆子,二段,1.114,0.102,0.884,0.041,3.029,0.0,16.5275,0.0,67.84,0,0,0.0,,默认类型
丽娜,普通攻击：痛打呆子,三段,1.171,0.107,0.966,0.044,3.31,83.63,38.61,0.0,91.94,0,0,0.0,,默认类型
丽娜,普通攻击：痛打呆子,四段,1.839,0.168,1.468,0.067,5.59,104.74,34.1825,0.0,155.28,0,0,0.0,,默认类型
丽娜,普通攻击：赶走傻瓜,,3.151,0.287,3.151,0.144,10.802,300.03,82.5275,0.0,300.04,0,0,0.0,,
丽娜,特殊技：砸扁笨蛋,,0.613,0.056,0.613,0.028,0.0,58.35,16.06,0.0,58.36,1,1,0.0,,默认类型
丽娜,强化特殊技：笨蛋消失魔法,,5.46,0.497,4.445,0.203,0.0,471.62,114.5925,0.0,133.3,1,2,0.0,,
丽娜,冲刺攻击：突然惊吓,,1.05,0.096,0.525,0.024,1.8,0.0,13.75,0.0,50.0,2,3,0.0,,默认类型
丽娜,闪避反击：邦布回魂,,2.276,0.207,2.276,0.104,4.202,116.7,32.12,0.0,266.71,2,4,0.0,,默认类型
丽娜,连携技：侍者守则,,10.13,0.921,1.751,0.08,0.0,366.2,228.745,0.0,166.71,3,5,0.0,,
丽娜,终结技：女王的侍从们,,21.167,1.925,1.138,0.052,0.0,108.37,0.0,0.0,733.38,3,6,0.0,,
丽娜,快速支援：二拍的阿勒芒德,,1.226,0.112,1.226,0.056,4.202,116.7,32.12,0.0,58.36,6,7,0.0,,默认类型
丽娜,支援突击：四拍的加沃特,,3.494,0.318,3.036,0.138,0.0,310.92,103.51,0.0,158.3,6,9,0.0,,默认类型
柳,架势：上弦,一段,0.566,0.052,0.278,0.013,1.009,0.0,6.9575,0.0,28.01,0,0,0.0,,
柳,架势：上弦,二段,0.997,0.091,0.681,0.031,2.474,0.0,17.0225,0.0,68.71,0,0,0.0,,
柳,架势：上弦,三段,1.131,0.103,0.694,0.032,2.522,79.91,17.3525,0.0,70.04,0,0,0.0,,
柳,架势：上弦,四段,1.266,0.116,0.776,0.036,2.822,89.42,19.415,0.0,78.37,0,0,0.0,,
柳,架势：上弦,五段,2.369,0.216,1.452,0.066,5.28,167.35,36.3,0.0,146.67,0,0,0.0,,
柳,架势：下弦,一段,1.131,0.103,0.555,0.026,2.017,0.0,13.8875,0.0,56.03,0,0,0.0,,
柳,架势：下弦,二段,1.292,0.118,0.931,0.043,3.385,0.0,23.2925,0.0,94.01,0,0,0.0,,
柳,架势：下弦,三段,0.728,0.067,0.446,0.021,1.622,51.38,11.165,0.0,45.04,0,0,0.0,,
柳,架势：下弦,四段,1.077,0.098,0.661,0.031,2.401,76.07,16.5275,0.0,66.67,0,0,0.0,,
柳,架势：下弦,五段,2.718,0.248,1.667,0.076,6.059,192.04,41.6625,0.0,168.31,0,0,0.0,,
柳,特殊技：流转,,1.174,0.107,1.057,0.049,0.0,96.0,26.4275,0.0,53.34,1,1,0.0,,
柳,冲刺攻击：飞掠,,0.504,0.046,0.454,0.021,1.65,0.0,11.3575,0.0,45.82,2,3,0.0,,
柳,闪避反击：疾反,,2.316,0.211,1.832,0.084,3.062,76.52,21.065,0.0,235.04,2,4,0.0,,
柳,连携技：星月相随,,5.931,0.54,1.783,0.082,0.0,359.58,214.115,0.0,200.04,3,5,0.0,,
柳,终结技：雷影天华,,15.118,1.375,0.975,0.045,0.0,904.39,0.0,0.0,721.64,3,6,0.0,,
柳,快速支援：风华斩,,0.936,0.086,0.842,0.039,3.062,76.52,21.065,0.0,42.52,6,7,0.0,,
柳,招架支援：流光反,轻招架,0.0,0,2.442,0.111,0.0,0.0,0.0,0.0,366.64,6,8,0.0,,
柳,招架支援：流光反,重招架,0.0,0,3.086,0.141,0.0,0.0,0.0,0.0,416.64,6,8,0.0,,
柳,招架支援：流光反,连续招架,0.0,0,1.502,0.069,0.0,0.0,0.0,0.0,116.64,6,8,0.0,,
柳,支援突击：飞絮刺,,4.071,0.371,3.206,0.146,0.0,312.23,103.07,0.0,184.97,6,9,0.0,,
柳,强化特殊技：月华流转,突刺攻击,1.638,0.149,1.271,0.058,0.0,143.5,41.9375,0.0,66.67,1,2,0.0,,
柳,强化特殊技：月华流转,下落攻击,3.778,0.344,1.096,0.05,0.0,268.54,76.34,0.0,66.7,1,2,0.0,,
朱鸢,普通攻击：不许动！,一段,0.431,0.04,0.216,0.01,0.705,0.0,5.39,0.0,19.59,0,0,0.0,,默认类型
朱鸢,普通攻击：不许动！,二段,1.264,0.115,0.973,0.045,3.182,104.77,24.31,0.0,88.38,0,0,0.0,,默认类型
朱鸢,普通攻击：不许动！,三段,1.373,0.125,0.947,0.044,3.097,0.0,23.6775,0.0,86.01,0,0,0.0,,默认类型
朱鸢,普通攻击：不许动！,四段,1.51,0.138,1.243,0.057,4.066,59.12,31.075,0.0,112.94,0,0,0.0,,默认类型
朱鸢,普通攻击：不许动！,五段,1.622,0.148,1.392,0.064,4.554,60.05,34.7875,0.0,126.5,0,0,0.0,,默认类型
朱鸢,普通攻击：请勿抵抗,一段（物理）,0.537,0.049,0.596,0.028,0.991,0.0,7.59,0.0,54.16,0,0,0.0,,默认类型
朱鸢,普通攻击：请勿抵抗,二段（物理）,0.537,0.049,0.596,0.028,1.835,0.0,14.025,0.0,54.16,0,0,0.0,,默认类型
朱鸢,普通攻击：请勿抵抗,三段（物理）,1.609,0.147,1.787,0.082,4.906,0.0,37.4825,0.0,162.46,0,0,0.0,,默认类型
朱鸢,普通攻击：请勿抵抗,一段（以太）,1.359,0.124,0.596,0.028,0.991,54.15,7.59,0.0,54.16,0,0,0.0,,默认类型
朱鸢,普通攻击：请勿抵抗,二段（以太）,1.359,0.124,0.596,0.028,1.835,54.15,14.025,0.0,54.16,0,0,0.0,,默认类型
朱鸢,普通攻击：请勿抵抗,三段（以太）,4.077,0.371,1.787,0.082,4.906,162.45,37.4825,0.0,162.46,0,0,0.0,,默认类型
朱鸢,特殊技：鹿弹射击,,0.184,0.017,0.184,0.009,0.0,16.65,4.5925,0.0,16.66,1,1,0.0,,默认类型
朱鸢,强化特殊技：全弹连射,,5.874,0.534,4.8,0.219,0.0,485.12,173.7175,0.0,143.3,1,2,0.0,,
朱鸢,冲刺攻击：火力奇袭,,0.551,0.051,0.276,0.013,0.901,50.0,6.9025,0.0,25.01,2,3,0.0,,默认类型
朱鸢,冲刺攻击：火力压制,（物理）,0.537,0.049,0.596,0.028,1.171,0.0,8.965,0.0,32.51,2,3,0.0,,默认类型
朱鸢,冲刺攻击：火力压制,（以太）,1.359,0.124,0.596,0.028,2.341,54.15,17.9025,0.0,65.01,2,3,0.0,,默认类型
朱鸢,闪避反击：火力震爆,,1.768,0.161,1.614,0.074,1.682,46.7,12.87,0.0,196.71,2,4,0.0,,默认类型
朱鸢,连携技：歼灭模式,,5.875,0.535,1.486,0.068,0.0,334.5,220.0275,0.0,135.01,3,5,0.0,,
朱鸢,终结技：歼灭模式MAX,,19.776,1.798,1.251,0.0627,0.0,103.33,0.0,0.0,603.34,3,6,0.0,,
朱鸢,快速支援：掩护射击,,0.514,0.047,0.514,0.024,1.682,46.7,12.87,0.0,23.36,6,7,0.0,,默认类型
朱鸢,支援突击：自卫还击,,3.558,0.324,3.086,0.141,0.0,301.97,100.76,0.0,151.67,6,9,0.0,,默认类型
青衣,普通攻击：一煞,一段,0.472,0.043,0.236,0.011,0.771,0.0,5.9125,0.0,21.42,0,0,0.0,0,
青衣,普通攻击：一煞,一段（派生）,1.103,0.101,0.552,0.026,1.805,0.0,13.805,0.0,50.14,0,0,0.0,0,
青衣,普通攻击：一煞,二段,1.221,0.111,0.822,0.038,2.689,0.0,23.925,0.0,74.69,0,0,0.0,0,
青衣,普通攻击：一煞,三段,0.176,0.016,0.191,0.009,0.48,13.33,3.685,0.0,13.34,0,0,0.0,3.3334,
青衣,普通攻击：一煞,四段,1.064,0.097,1.063,0.049,3.477,64.54,26.565,0.0,96.58,0,0,0.0,3.2271,
青衣,普通攻击：一煞,四段（强化）,2.344,0.214,2.047,0.094,6.698,153.99,51.1775,0.0,186.03,0,0,0.0,7.6999,
青衣,普通攻击：醉花云,,0.856,0.078,0.856,0.039,2.799,77.74,21.395,0.0,77.75,0,0,0.0,1.9436,
青衣,普通攻击：醉花月云转,突进攻击,4.487,0.408,2.719,0.124,6.845,190.13,52.305,0.0,190.14,0,0,0.0,0,
青衣,普通攻击：醉花月云转,终结一击,3.944,0.359,2.176,0.099,5.478,152.14,41.855,0.0,152.15,0,0,0.0,0,
青衣,特殊技：昼锦堂,,0.624,0.057,0.624,0.029,0.0,56.68,15.5925,0.0,56.69,1,1,0.0,2.8342,
青衣,强化特殊技：月上海棠,A,1.507,0.137,1.111,0.051,0.0,124.65,40.865,0.0,38.33,1,2,0.0,5.6162,
青衣,强化特殊技：月上海棠,B,2.11,0.192,1.555,0.071,0.0,174.51,57.2,0.0,53.66,1,2,0.0,7.8626,
青衣,强化特殊技：月上海棠,C,2.411,0.22,1.777,0.081,0.0,199.44,65.3675,0.0,61.32,1,2,0.0,8.9858,
青衣,冲刺攻击：入破,,0.495,0.045,0.248,0.012,0.81,0.0,6.1875,0.0,22.49,2,3,0.0,0,
青衣,闪避反击：意不尽,,2.84,0.259,1.904,0.087,4.381,121.66,33.4675,0.0,271.67,2,4,0.0,16.0834,
青衣,连携技：太平令,,6.479,0.589,2.09,0.095,0.0,389.46,235.125,0.0,189.97,3,5,0.0,25,
青衣,终结技：八声甘州,,16.707,1.519,10.971,0.499,0.0,215.03,0.0,0.0,715.04,3,6,0.0,80,
青衣,快速支援：风入松,,1.339,0.122,1.339,0.061,4.381,121.66,33.4675,0.0,60.84,6,7,0.0,6.0834,
青衣,招架支援：锦上花,轻招架,0.0,0,2.493,0.114,0.0,0.0,0.0,0.0,366.64,6,8,0.0,0,
青衣,招架支援：锦上花,重招架,0.0,0,3.043,0.139,0.0,0.0,0.0,0.0,416.64,6,8,0.0,0,
青衣,招架支援：锦上花,连续招架,0.0,0,1.283,0.059,0.0,0.0,0.0,0.0,116.64,6,8,0.0,0,
青衣,支援突击：清江引,,3.764,0.343,2.79,0.127,0.0,320.01,45.4025,0.0,165.04,6,9,0.0,14.8939,
简,普通攻击：跳步刃舞,一段,0.361,0.033,0.153,0.007,0.501,21.34,3.8225,0.0,13.9,0,0,0.0,"4.1695, 3.3356",
简,普通攻击：跳步刃舞,二段,0.623,0.057,0.443,0.021,1.448,52.06,11.055,0.0,40.2,0,0,0.0,"6.6493, 5.3194",
简,普通攻击：跳步刃舞,三段,0.835,0.076,0.595,0.028,1.946,68.78,14.8775,0.0,54.04,0,0,0.0,"8.2623, 6.6098",
简,普通攻击：跳步刃舞,四段,1.634,0.149,1.097,0.05,3.589,127.45,27.4175,0.0,99.69,0,0,0.0,"15.5541, 12.4433",
简,普通攻击：跳步刃舞,五段,0.988,0.09,0.687,0.032,2.246,76.71,17.16,0.0,62.38,0,0,0.0,"8.0264, 6.4211",
简,普通攻击：跳步刃舞,六段,2.913,0.265,2.0,0.091,6.543,226.62,49.995,0.0,181.75,0,0,0.0,"25.1293, 20.1034",
简,普通攻击：萨霍夫跳,连续攻击,3.008,0.274,2.292,0.105,7.499,273.4,57.2825,0.0,208.3,0,0,0.0,"24.9960, 24.9960",
简,普通攻击：萨霍夫跳,终结一击,1.613,0.147,1.229,0.056,4.02,146.56,30.7175,0.0,111.67,0,0,0.0,"13.4000, 13.4000",
简,特殊技：掠空,,0.578,0.053,0.578,0.027,0.0,52.5,14.4375,0.0,52.5,1,1,0.0,"7.8750, 12.6000",
简,强化特殊技：掠空-横扫,,5.747,0.523,4.681,0.213,0.0,473.96,170.3075,0.0,135.04,1,2,0.0,"42.5544, 21.2772",
简,冲刺攻击：刀刃跳,一段,0.715,0.065,0.358,0.017,1.17,32.5,8.9375,0.0,32.5,2,3,0.0,"9.7500, 0.0000",
简,冲刺攻击：刀刃跳,二段,0.715,0.065,0.358,0.017,1.17,32.5,8.9375,0.0,32.5,2,3,0.0,"9.7500, 0.0000",
简,冲刺攻击：虚像突刺,,1.045,0.095,0.523,0.024,1.71,47.48,13.0625,0.0,47.49,2,3,0.0,"0.0000, 11.3961",
简,闪避反击：疾影,一段,3.412,0.311,2.292,0.105,3.9,177.67,29.81,0.0,258.34,2,4,0.0,"5.4167, 0.0000",
简,闪避反击：疾影,二段,3.412,0.311,2.292,0.105,3.9,177.67,29.81,0.0,258.34,2,4,0.0,"5.4167, 0.0000",
简,闪避反击：疾影连舞,,3.87,0.352,2.475,0.113,4.499,194.31,34.375,0.0,274.97,2,4,0.0,"0.0000, 10.0000",
简,连携技：罪孽生花,,6.326,0.576,2.376,0.108,0.0,439.46,248.875,0.0,239.97,3,5,0.0,"0.0000, 35.0000",
简,终结技：终幕演出,,14.706,1.337,1.865,0.085,0.0,966.58,0.0,0.0,688.34,3,6,0.0,"0.0000, 35.0000",
简,快速支援：乌刺,,1.192,0.109,1.192,0.055,3.9,108.33,29.81,0.0,54.17,6,7,0.0,"15.8334, 0.0000",
简,快速支援：勾手跳,,1.375,0.125,1.375,0.063,4.499,124.96,34.375,0.0,62.49,6,7,0.0,"0.0000, 14.9960",
简,招架支援：最后防线,轻招架,0.0,0,2.713,0.124,0.0,0.0,0.0,0.0,366.64,6,8,0.0,"0.0000, 0.0000",
简,招架支援：最后防线,重招架,0.0,0,3.428,0.156,0.0,0.0,0.0,0.0,416.64,6,8,0.0,"0.0000, 0.0000",
简,招架支援：最后防线,连续招架,0.0,0,1.668,0.076,0.0,0.0,0.0,0.0,116.64,6,8,0.0,"0.0000, 0.0000",
简,支援突击：疾风扫,,3.455,0.315,2.99,0.136,0.0,292.92,98.01,0.0,144.97,6,9,0.0,"40.7686, 17.3961",
赛斯,普通攻击：雷霆击,一段,0.362,0.033,0.181,0.009,0.652,0.0,4.9775,0.0,18.09,0,0,0.0,,
赛斯,普通攻击：雷霆击,二段,0.565,0.052,0.451,0.021,1.624,0.0,12.4025,0.0,45.1,0,0,0.0,,
赛斯,普通攻击：雷霆击,三段,1.933,0.176,1.513,0.069,5.445,0.0,41.6075,0.0,151.24,0,0,0.0,,
赛斯,普通攻击：雷霆击,四段,0.974,0.089,0.805,0.037,2.895,80.41,22.1375,0.0,80.42,0,0,0.0,,
赛斯,普通攻击：雷霆击-感电,连续攻击,3.828,0.348,1.617,0.074,5.821,161.68,44.4675,0.0,143.61,0,0,0.0,,
赛斯,普通攻击：雷霆击-感电,终结一击,4.242,0.386,1.455,0.067,4.76,132.2,36.3825,0.0,132.21,0,0,0.0,,
赛斯,特殊技：电光盾冲,,0.692,0.063,0.692,0.032,0.0,69.18,19.03,0.0,69.19,1,1,0.0,,
赛斯,强化特殊技：电光盾冲-高伏特,,6.46,0.588,5.404,0.246,0.0,593.16,206.7175,0.0,223.34,1,2,0.0,,
赛斯,强化特殊技：电光盾冲-高伏特,（蓄力）,9.998,0.909,8.49,0.386,0.0,924.38,316.415,0.0,396.67,1,2,0.0,,
赛斯,冲刺攻击：电光突袭,,1.1,0.1,0.55,0.025,1.98,0.0,15.125,0.0,54.99,2,3,0.0,,
赛斯,闪避反击：以退为进,,2.3,0.21,2.0,0.091,3.6,100.0,27.5,0.0,250.0,2,4,0.0,,
赛斯,连携技：最终制裁,,7.041,0.641,3.051,0.139,0.0,504.53,266.7775,0.0,305.04,3,5,0.0,,
赛斯,终结技：正义必胜,,20.243,1.841,4.033,0.184,0.0,403.29,0.0,0.0,903.3,3,6,0.0,,
赛斯,快速支援：武力支援,,1.0,0.091,1.0,0.046,3.6,100.0,27.5,0.0,50.0,6,7,0.0,,
赛斯,招架支援：迅雷盾,轻招架,0.0,0,2.467,0.113,0.0,0.0,0.0,0.0,366.64,6,8,0.0,,
赛斯,招架支援：迅雷盾,重招架,0.0,0,3.117,0.142,0.0,0.0,0.0,0.0,416.64,6,8,0.0,,
赛斯,招架支援：迅雷盾,连续招架,0.0,0,1.517,0.069,0.0,0.0,0.0,0.0,116.64,6,8,0.0,,
赛斯,支援突击：治安裁决,,4.285,0.39,3.78,0.172,0.0,403.22,131.6975,0.0,226.67,6,9,0.0,,
派派,普通攻击：准备发车,一段,0.59,0.054,0.295,0.014,1.062,29.48,8.1125,0.0,29.49,0,0,0.0,,
派派,普通攻击：准备发车,二段,0.788,0.072,0.645,0.03,2.319,64.4,17.7375,0.0,64.41,0,0,0.0,,
派派,普通攻击：准备发车,三段,1.501,0.137,1.219,0.056,4.389,121.89,33.5225,0.0,121.9,0,0,0.0,,
派派,普通攻击：准备发车,四段,3.206,0.292,2.522,0.115,9.077,252.11,69.355,0.0,252.12,0,0,0.0,,
派派,特殊技：轮胎转,,2.717,0.247,2.717,0.124,0.0,271.66,37.3725,0.0,271.67,1,1,0.0,,
派派,特殊技：有亿点重,一级蓄力,0.934,0.085,0.934,0.043,0.0,93.33,25.685,0.0,93.34,1,1,0.0,,
派派,特殊技：有亿点重,二级蓄力,1.034,0.094,1.034,0.047,0.0,103.36,28.435,0.0,103.37,1,1,0.0,,
派派,特殊技：有亿点重,三级蓄力,2.35,0.214,2.35,0.107,0.0,235.0,64.625,0.0,235.0,1,1,0.0,,
派派,强化特殊技：非常重,,6.129,0.558,3.968,0.181,0.0,532.55,126.1975,0.0,213.34,1,2,0.0,,
派派,强化特殊技：引擎转,每圈 *2,1.871,0.171,1.096,0.05,0.0,161.25,37.0975,0.0,46.67,1,2,0.0,,
派派,冲刺攻击：一脚油门,,0.901,0.082,0.451,0.021,1.621,45.01,12.4025,0.0,45.02,2,3,0.0,,
派派,闪避反击：动力漂移,,2.69,0.245,2.3,0.105,4.679,129.96,35.75,0.0,279.97,2,4,0.0,,
派派,连携技：系好安全带,,6.523,0.593,2.533,0.116,0.0,452.79,252.5325,0.0,253.3,3,5,0.0,,
派派,终结技：坐~稳~啦~,,16.604,1.51,3.283,0.15,0.0,1127.54,0.0,0.0,828.3,3,6,0.0,,
派派,快速支援：点刹,,1.3,0.119,1.3,0.06,4.679,129.96,35.75,0.0,64.99,6,7,0.0,,
派派,招架支援：极限刹车,轻招架,0.0,0,2.467,0.113,0.0,0.0,0.0,0.0,366.64,6,8,0.0,,
派派,招架支援：极限刹车,重招架,0.0,0,3.117,0.142,0.0,0.0,0.0,0.0,416.64,6,8,0.0,,
派派,招架支援：极限刹车,连续招架,0.0,0,1.517,0.069,0.0,0.0,0.0,0.0,116.64,6,8,0.0,,
派派,支援突击：弯道超车,,4.005,0.365,3.52,0.16,0.0,376.22,123.4475,0.0,206.67,6,9,0.0,,
雨果,普通攻击：暗渊四重奏,一段,0.431,0.04,0.216,0.01,0.705,0.0,5.39,0.0,19.59,0,0,0.0,,
雨果,普通攻击：暗渊四重奏,二段,0.741,0.068,0.549,0.025,1.796,0.0,13.7225,0.0,49.88,0,0,0.0,,
雨果,普通攻击：暗渊四重奏,三段,1.696,0.155,1.281,0.059,4.191,0.0,32.0375,0.0,116.41,0,0,0.0,,
雨果,普通攻击：暗渊四重奏,斩击,1.491,0.136,1.258,0.058,4.115,95.81,31.46,0.0,114.31,0,0,0.0,,
雨果,普通攻击：暗渊四重奏,射击,0.586,0.054,0.501,0.023,1.637,36.17,12.5125,0.0,45.46,0,0,0.0,,
雨果,普通攻击：暗渊四重奏,蓄力射击,1.18,0.108,0.957,0.044,3.132,77.7,23.925,0.0,87.0,0,0,0.0,,
雨果,特殊技：魂狩·断罪,,0.853,0.078,0.853,0.039,0.0,77.51,21.34,0.0,77.52,1,1,0.0,,
雨果,强化特殊技：魂狩·惩戒,A,0.187,0.017,4.324,0.197,0.0,22.54,7.755,0.0,9.51,1,2,0.0,,
雨果,强化特殊技：魂狩·惩戒,B,3.545,0.323,0.228,0.011,0.0,428.43,147.0425,0.0,180.54,1,2,0.0,,
雨果,冲刺攻击：诡影·破,,0.935,0.085,0.468,0.022,1.53,0.0,11.6875,0.0,42.49,2,3,0.0,,
雨果,闪避反击：诡影·斩,,2.459,0.224,2.145,0.098,3.42,95.0,26.125,0.0,245.0,2,4,0.0,,
雨果,闪避反击：诡影·斩,派生射击,1.621,0.148,1.247,0.057,4.08,113.33,31.185,0.0,113.34,2,4,0.0,,
雨果,闪避反击：诡影·斩,派生蓄力射击,2.121,0.193,1.632,0.075,5.339,148.3,40.81,0.0,148.31,2,4,0.0,,
雨果,连携技：命运戏法,斩击,7.011,0.638,2.622,0.12,0.0,437.83,248.435,0.0,238.34,3,5,0.0,,
雨果,终结技：渎神者,,15.271,1.389,2.642,0.121,0.0,218.33,0.0,0.0,718.34,3,6,0.0,,
雨果,快速支援：葬歌,,1.045,0.095,0.523,0.024,1.71,47.5,13.0625,0.0,47.5,6,7,0.0,,
雨果,招架支援：死期未至,轻招架,0.0,0,2.713,0.124,0.0,0.0,0.0,0.0,366.64,6,8,0.0,,
雨果,招架支援：死期未至,重招架,0.0,0,3.428,0.156,0.0,0.0,0.0,0.0,416.64,6,8,0.0,,
雨果,招架支援：死期未至,连续招架,0.0,0,1.668,0.076,0.0,0.0,0.0,0.0,116.64,6,8,0.0,,
雨果,支援突击：王牌反转,,2.917,0.266,2.491,0.114,0.0,245.76,83.6,0.0,110.04,6,9,0.0,,
雨果,普通攻击：暗渊协奏曲,斩击,1.434,0.131,1.103,0.051,3.609,100.23,27.5825,0.0,100.24,0,0,0.0,,
雨果,普通攻击：暗渊协奏曲,射击,0.867,0.079,0.667,0.031,2.181,60.56,16.665,0.0,60.57,0,0,0.0,,
雨果,普通攻击：暗渊协奏曲,蓄力射击,1.706,0.156,1.312,0.06,4.293,119.24,32.8075,0.0,119.25,0,0,0.0,,
雨果,快速支援：葬歌,派生射击,1.247,0.114,0.624,0.029,2.04,56.66,15.5925,0.0,56.67,6,7,0.0,,
雨果,快速支援：葬歌,派生蓄力射击,1.632,0.149,0.816,0.038,2.67,74.15,20.405,0.0,74.16,6,7,0.0,,
奥菲丝&「鬼火」,普通攻击：高压火枪,一段,0.145,0.014,0.117,0.006,0.383,0.0,2.9425,0.0,11.32,0,0,0.0,,
奥菲丝&「鬼火」,普通攻击：高压火枪,二段,0.444,0.041,0.324,0.015,1.058,28.67,8.085,0.0,31.18,0,0,0.0,,
奥菲丝&「鬼火」,普通攻击：高压火枪,三段,0.415,0.038,0.254,0.012,0.829,26.73,6.3525,0.0,24.24,0,0,0.0,,
奥菲丝&「鬼火」,普通攻击：高压火枪,四段,0.867,0.079,0.536,0.025,1.754,51.2,13.42,0.0,51.21,0,0,0.0,,
奥菲丝&「鬼火」,普通攻击：高压火枪,五段,1.816,0.166,1.182,0.054,3.867,101.2,29.5625,0.0,101.21,0,0,0.0,,
奥菲丝&「鬼火」,普通攻击：高压火枪,火刀,1.584,0.144,1.036,0.048,3.39,94.16,25.905,0.0,94.17,0,0,0.0,,
奥菲丝&「鬼火」,特殊技：热血满膛,,0.395,0.036,0.395,0.018,0.0,35.83,9.8725,0.0,35.84,1,1,0.0,,
奥菲丝&「鬼火」,特殊技：蚀光一闪,,4.95,0.45,0.55,0.025,0.0,50.0,0.0,0.0,0.0,1,1,0.0,,
奥菲丝&「鬼火」,强化特殊技：小心脚下,,2.809,0.256,2.809,0.128,0.0,283.33,58.2175,0.0,143.34,1,2,0.0,,
奥菲丝&「鬼火」,强化特殊技：灼红旋涡,,6.784,0.617,0.55,0.025,0.0,50.0,57.31,0.0,0.0,1,2,0.0,,
奥菲丝&「鬼火」,强化特殊技：蓄热充能,激光最大,3.894,0.354,0.33,0.015,0.0,24.0,24.915,0.0,24.0,1,2,0.0,,
奥菲丝&「鬼火」,冲刺攻击：突袭命令,,0.623,0.057,0.312,0.015,0.51,0.0,7.81,0.0,28.32,2,3,0.0,,
奥菲丝&「鬼火」,闪避反击：反攻战机,,2.578,0.235,2.237,0.102,1.86,103.33,28.435,0.0,253.34,2,4,0.0,,
奥菲丝&「鬼火」,连携技：枪管过热,,6.263,0.57,3.337,0.152,0.0,502.79,266.2825,0.0,303.3,3,5,0.0,,
奥菲丝&「鬼火」,终结技：与火共舞,,6.987,0.636,0.297,0.014,0.0,27.0,0.0,0.0,327.0,3,6,0.0,,
奥菲丝&「鬼火」,终结技：与火共舞,延长时间总,4.658,0.424,0.198,0.009,0.0,18.0,0.0,0.0,218.0,3,6,0.0,,
奥菲丝&「鬼火」,快速支援：焦痕劈斩,,1.137,0.104,1.137,0.052,0.93,51.66,28.435,0.0,51.67,6,7,0.0,,
奥菲丝&「鬼火」,招架支援：炙刃炽铳,轻招架,0.0,0,2.713,0.124,0.0,0.0,0.0,0.0,366.64,6,8,0.0,,
奥菲丝&「鬼火」,招架支援：炙刃炽铳,重招架,0.0,0,3.428,0.156,0.0,0.0,0.0,0.0,416.64,6,8,0.0,,
奥菲丝&「鬼火」,招架支援：炙刃炽铳,连续招架,0.0,0,1.668,0.076,0.0,0.0,0.0,0.0,116.64,6,8,0.0,,
奥菲丝&「鬼火」,支援突击：沸热穿刺,,3.609,0.329,3.133,0.143,0.0,306.42,102.135,0.0,154.97,6,9,0.0,,
奥菲丝&「鬼火」,强化特殊技：燥焰迸射,,2.596,0.236,0.22,0.01,0.0,16.0,16.61,0.0,16.0,1,1,0.0,,
耀嘉音,普通攻击：《随想曲》,一段,0.438,0.04,0.413,0.019,0.675,37.45,10.3125,0.0,37.46,0,0,0.0,,耀嘉音型
耀嘉音,普通攻击：《随想曲》,二段,0.591,0.054,0.564,0.026,0.923,51.25,14.1075,0.0,51.26,0,0,0.0,,耀嘉音型
耀嘉音,普通攻击：《随想曲》,三段最小,1.209,0.11,1.148,0.053,1.878,104.31,28.71,0.0,104.32,0,0,0.0,,耀嘉音型
耀嘉音,普通攻击：《随想曲》,三段最大,2.707,0.247,2.194,0.1,3.59,199.39,54.835,0.0,199.4,0,0,0.0,,耀嘉音型
耀嘉音,普通攻击：间奏,一段,0.55,0.05,0.484,0.022,0.634,17.59,4.84,0.0,43.98,0,0,0.0,,耀嘉音型
耀嘉音,普通攻击：间奏,二段,0.55,0.05,0.484,0.022,0.634,17.59,4.84,0.0,43.98,0,0,0.0,,耀嘉音型
耀嘉音,普通攻击：间奏,三段（单段，未 * 2）,0.55,0.05,0.484,0.022,0.634,17.59,4.84,0.0,43.98,0,0,0.0,,耀嘉音型
耀嘉音,普通攻击：副歌,（单段，未 * 4）,0.55,0.05,0.484,0.022,0.634,17.59,4.84,0.0,43.98,0,0,0.0,,耀嘉音型
耀嘉音,普通攻击：终曲,,0.55,0.05,0.484,0.022,0.634,17.59,4.84,0.0,43.98,0,0,0.0,,耀嘉音型
耀嘉音,特殊技：《风铃与旧约》,最小,0.55,0.05,0.484,0.022,0.0,17.59,0.0,0.0,43.98,1,1,0.0,,耀嘉音型
耀嘉音,特殊技：《风铃与旧约》,最大（单段，未 * 4）,0.55,0.05,0.484,0.022,0.0,17.59,0.0,0.0,43.98,1,1,0.0,,耀嘉音型
耀嘉音,和弦,追加震音,0.46,0.042,0.0,0.0,0.0,29.77,0.0,0.0,0.0,1,1,0.0,,
耀嘉音,和弦,追加音簇（单段，未 * 3）,0.24,0.022,0.0,0.0,0.0,10.32,0.0,0.0,0.0,1,1,0.0,,
耀嘉音,冲刺攻击：《蚀月奏》,,0.807,0.074,0.404,0.019,1.32,36.64,10.0925,0.0,36.65,2,3,0.0,,耀嘉音型
耀嘉音,闪避反击：《折伞华尔兹》,,1.1,0.1,0.968,0.044,1.267,35.18,9.68,0.0,87.96,2,4,0.0,,耀嘉音型
耀嘉音,连携技：《微醺协奏》,,6.718,0.611,2.329,0.106,0.0,411.16,241.0925,0.0,211.67,3,5,0.0,,
耀嘉音,终结技：《幻想式奏鸣》,,19.598,1.782,2.383,0.109,0.0,216.63,0.0,0.0,716.64,3,6,0.0,,
耀嘉音,快速支援：《一川烟火》,,0.55,0.05,0.484,0.022,0.634,17.59,4.84,0.0,43.98,6,7,0.0,,耀嘉音型
耀嘉音,支援突击：《三生初见》,,3.046,0.277,2.61,0.119,0.0,257.01,87.0375,0.0,118.37,6,9,0.0,,耀嘉音型
伊芙琳,普通攻击：割弦,一段,0.512,0.047,0.256,0.012,0.838,0.0,6.4075,0.0,23.28,0,0,0.0,,
伊芙琳,普通攻击：割弦,二段,0.621,0.057,0.538,0.025,1.761,0.0,13.4475,0.0,48.9,0,0,0.0,,
伊芙琳,普通攻击：割弦,三段,0.782,0.072,0.621,0.029,2.031,0.0,15.5375,0.0,56.42,0,0,0.0,,
伊芙琳,普通攻击：割弦,四段,1.867,0.17,1.53,0.07,5.006,139.03,38.2525,0.0,139.04,0,0,0.0,,
伊芙琳,普通攻击：割弦,五段,2.234,0.204,1.683,0.077,5.505,152.91,42.075,0.0,152.92,0,0,0.0,,
伊芙琳,普通攻击：绞勒式·I型,,2.264,0.206,1.211,0.056,3.962,110.03,30.2775,0.0,110.04,0,0,0.0,,
伊芙琳,普通攻击：绞勒式·II型,,2.452,0.223,1.248,0.057,4.082,113.36,31.185,0.0,113.37,0,0,0.0,,
伊芙琳,特殊技：锁系控位,一段,0.523,0.048,0.523,0.024,0.0,47.48,26.125,0.0,47.49,1,1,0.0,,
伊芙琳,特殊技：束裂式·I型,缠绕,0.404,0.037,0.404,0.019,0.0,36.64,20.1575,0.0,36.65,1,1,0.0,,
伊芙琳,特殊技：束裂式·I型,引爆,0.34,0.031,0.34,0.016,0.0,30.84,16.9675,0.0,30.85,1,1,0.0,,
伊芙琳,强化特殊技：束裂式·终型,缠绕,5.412,0.492,4.371,0.199,0.0,444.62,161.3425,0.0,113.31,1,2,0.0,,
伊芙琳,强化特殊技：束裂式·终型,引爆,0.596,0.055,0.596,0.028,0.0,56.2,17.1875,0.0,41.64,1,2,0.0,,
伊芙琳,冲刺攻击：穿梭潜袭,,0.605,0.055,0.303,0.014,0.99,0.0,7.5625,0.0,27.49,2,3,0.0,,
伊芙琳,闪避反击：绞缢反制,,2.102,0.192,1.871,0.086,2.522,70.03,19.2775,0.0,220.04,2,4,0.0,,
伊芙琳,连携技：月辉丝·绊,,8.293,0.754,2.366,0.108,0.0,290.17,169.4275,0.0,215.04,3,5,0.0,,
伊芙琳,终结技：月辉丝·弦音,,19.885,1.808,2.604,0.119,0.0,236.7,0.0,0.0,736.71,3,6,0.0,,
伊芙琳,快速支援：烈锋,,0.771,0.071,0.771,0.036,2.522,70.03,19.2775,0.0,35.02,6,7,0.0,,
伊芙琳,招架支援：静默掩护,轻招架,0.0,0,2.713,0.124,0.0,0.0,0.0,0.0,366.64,6,8,0.0,,
伊芙琳,招架支援：静默掩护,重招架,0.0,0,3.428,0.156,0.0,0.0,0.0,0.0,416.64,6,8,0.0,,
伊芙琳,招架支援：静默掩护, 连续招架,0.0,0,1.668,0.076,0.0,0.0,0.0,0.0,116.64,6,8,0.0,,
伊芙琳,支援突击：轨迹干涉,,2.916,0.266,2.49,0.114,0.0,245.67,83.5725,0.0,109.97,6,9,0.0,,
薇薇安,普通攻击：翎羽拂击,一段,0.341,0.031,0.424,0.02,1.387,0.0,10.615,0.0,38.51,0,0,0.0,,
薇薇安,普通攻击：翎羽拂击,二段,0.242,0.022,0.281,0.013,0.92,0.0,7.04,0.0,25.55,0,0,0.0,,
薇薇安,普通攻击：翎羽拂击,三段,0.769,0.07,0.818,0.038,2.675,0.0,20.46,0.0,74.31,0,0,0.0,,
薇薇安,普通攻击：翎羽拂击,四段,1.284,0.117,1.272,0.058,4.16,86.61,31.79,0.0,115.55,0,0,0.0,,
薇薇安,普通攻击：淑女礼仪 · 舞步,,0.478,0.044,0.372,0.017,1.215,33.75,9.295,0.0,33.75,0,0,0.0,,
薇薇安,普通攻击：裙裾浮游 · 悬落,,0.802,0.073,0.624,0.029,2.04,56.65,15.5925,0.0,56.66,0,0,0.0,,
薇薇安,普通攻击：落羽生花,,2.2,0.2,0.0,0.0,0.0,126.0,0.0,0.0,0.0,0,0,0.0,,
薇薇安,特殊技：银羽咏叹,,0.569,0.052,0.569,0.026,0.0,41.34,14.2175,0.0,51.69,1,1,0.0,,
薇薇安,强化特殊技：堇花悼亡,,5.926,0.539,4.848,0.221,0.0,352.56,175.12,0.0,146.71,1,1,0.0,,
薇薇安,冲刺攻击：银刺舞曲,,0.496,0.046,0.248,0.012,0.811,0.0,6.215,0.0,22.51,2,3,0.0,,
薇薇安,闪避反击：羽刃反振,,2.364,0.215,2.073,0.095,3.182,70.69,24.31,0.0,238.37,2,4,0.0,,
薇薇安,连携技：星羽和声,,6.589,0.599,2.2,0.1,0.0,319.57,237.875,0.0,199.97,3,5,0.0,,
薇薇安,终结技：飞鸟鸣颂,,16.868,1.534,2.494,0.114,0.0,808.56,0.0,0.0,726.71,3,6,0.0,,
薇薇安,快速支援：凛羽之护,,0.973,0.089,0.487,0.023,1.591,35.34,12.155,0.0,44.19,6,7,0.0,,
薇薇安,招架支援：银伞列阵,轻招架,0.0,0,2.713,0.124,0.0,0.0,0.0,0.0,366.64,6,8,0.0,,
薇薇安,招架支援：银伞列阵,重招架,0.0,0,3.428,0.156,0.0,0.0,0.0,0.0,416.64,6,8,0.0,,
薇薇安,招架支援：银伞列阵,连续招架,0.0,0,1.668,0.076,0.0,0.0,0.0,0.0,116.64,6,8,0.0,,
薇薇安,支援突击：裁决羽刃,,3.739,0.34,3.253,0.148,0.0,236.56,105.6,0.0,163.37,6,9,0.0,,
薇薇安,核心被动：命运悲歌,[薇薇安的预言],0.55,0,0.0,0.0,0.0,0.0,0.0,0.0,0.0,0,0,0.0,,
照,普通攻击：凛冽裁决,一段,0.734,0.067,0.551,0.026,1.801,0.0,13.7775,0.0,50.01,0,0,0.0,,
照,普通攻击：凛冽裁决,二段,0.66,0.06,0.492,0.023,1.608,44.63,12.2925,0.0,44.64,0,0,0.0,,
照,普通攻击：凛冽裁决,三段,1.158,0.106,0.844,0.039,2.762,76.72,21.12,0.0,76.73,0,0,0.0,,
照,普通攻击：凛冽裁决,四段,1.856,0.169,1.546,0.071,4.468,124.1,34.155,0.0,140.53,0,0,0.0,,
照,普通攻击：凛冽裁决,五段A,3.091,0.281,2.345,0.107,8.145,226.23,62.2325,0.0,213.11,0,0,0.0,,
照,普通攻击：凛冽裁决,五段B,0.773,0.071,0.586,0.027,2.036,56.6,15.558,0.0,53.3,0,0,0.0,,
照,普通攻击：最终裁决,,0.697,0.064,0.523,0.024,1.71,47.5,13.0625,0.0,47.5,0,0,0.0,,
照,特殊技：碎冰溢寒,,0.569,0.052,0.569,0.026,0.0,51.68,14.2175,0.0,51.69,1,1,0.0,,
照,强化特殊技：流霜冻土,,12.108,1.101,8.1,0.369,0.0,807.38,280.665,0.0,310.0,1,2,0.0,,
照,冲刺攻击：弹跳冲刺,,0.863,0.079,0.432,0.02,1.411,39.18,10.78,0.0,39.19,2,3,0.0,,
照,闪避反击：倏忽闪,,3.388,0.308,2.86,0.13,5.759,159.96,44.0,0.0,309.97,2,4,0.0,,
照,连携技：临时合作,,7.708,0.701,3.319,0.151,0.0,501.16,265.8425,0.0,301.67,3,5,0.0,,
照,终结技：兔兔连斩,A,17.498,1.591,1.614,0.074,0.0,146.66,0.0,0.0,546.67,3,6,0.0,,
照,终结技：兔兔连斩,B,4.375,0.398,0.403,0.019,0.0,36.7,0.0,0.0,136.7,3,6,0.0,,
照,登场技：霜迸,,6.803,0.619,2.302,0.105,7.531,209.18,57.53,0.0,209.19,6,7,0.0,,
照,快速支援：查漏补缺,,1.76,0.16,0.88,0.04,2.88,79.98,22.0,0.0,79.99,6,7,0.0,,
照,招架支援：霜婵镇场,轻招架,0.0,0,3.428,0.156,0.0,0.0,0.0,0.0,416.64,6,8,0.0,,
照,招架支援：霜婵镇场,重招架,0.0,0,3.428,0.156,0.0,0.0,0.0,0.0,416.64,6,8,0.0,,
照,招架支援：霜婵镇场,连续招架,0.0,0,1.668,0.076,0.0,0.0,0.0,0.0,116.64,6,8,0.0,,
照,支援突击：凛光返照,,3.661,0.333,3.181,0.145,0.0,310.97,103.51,0.0,158.34,6,9,0.0,,
波可娜,普通攻击：捷击,一段,0.357,0.033,0.285,0.013,1.026,28.48,7.8375,0.0,28.49,0,0,0.0,,
波可娜,普通攻击：捷击,二段,0.941,0.086,0.753,0.035,2.709,75.22,20.7075,0.0,75.23,0,0,0.0,,
波可娜,普通攻击：捷击,三段,1.676,0.153,1.341,0.061,4.826,134.05,36.8775,0.0,134.06,0,0,0.0,,
波可娜,普通攻击：跃击,,1.35,0.123,1.08,0.05,3.888,107.97,29.7,0.0,107.98,0,0,0.0,,
波可娜,特殊技：噬爪,,0.251,0.023,0.501,0.023,0.0,25.0,13.7775,0.0,25.01,1,1,0.0,,
波可娜,特殊技：噬爪·噩梦袭影,,0.463,0.043,0.29,0.014,0.0,17.36,0.0,0.0,0.0,1,1,0.0,,
波可娜,特殊技：噬爪·噩梦袭影,终结一击,0.535,0.049,0.348,0.016,0.0,17.36,0.0,0.0,0.0,1,1,0.0,,
波可娜,强化特殊技：噬爪·瞬步,,3.477,0.317,2.117,0.097,0.0,255.48,142.6425,0.0,80.04,1,2,0.0,,
波可娜,冲刺攻击：先下手为强,,0.483,0.044,0.242,0.011,0.87,24.14,6.655,0.0,24.15,2,3,0.0,,
波可娜,闪避反击：睚眦必报,,2.018,0.184,1.783,0.082,2.819,78.29,21.5325,0.0,228.3,2,4,0.0,,
波可娜,连携技：嗨，想不到吧,,5.341,0.486,1.351,0.062,0.0,334.53,220.0275,0.0,135.04,3,5,0.0,,
波可娜,终结技：噢，游戏时间,,13.938,1.268,8.823,0.402,0.0,114.96,0.0,0.0,614.97,3,6,0.0,,
波可娜,快速支援：雇佣合同·保镖业务,,0.783,0.072,0.783,0.036,2.819,78.29,21.5325,0.0,39.15,6,7,0.0,,
波可娜,支援突击：单独计价,,3.071,0.28,2.653,0.121,0.0,286.17,95.9475,0.0,139.97,6,9,0.0,,
「扳机」,普通攻击：冷膛射击,一段,0.345,0.032,0.173,0.008,0.987,0.0,7.5625,0.0,19.59,0,0,0.0,,「扳机」型
「扳机」,普通攻击：冷膛射击,二段,0.569,0.052,0.285,0.013,2.002,0.0,15.3175,0.0,58.25,0,0,0.0,,「扳机」型
「扳机」,普通攻击：冷膛射击,三段,1.109,0.101,0.608,0.028,3.281,0.0,25.08,0.0,96.31,0,0,0.0,,「扳机」型
「扳机」,普通攻击：冷膛射击,四段,2.43,0.221,1.769,0.081,6.976,174.41,53.295,0.0,193.77,0,0,0.0,,「扳机」型
「扳机」,普通攻击：无音狙杀,射击,0.476,0.044,0.238,0.011,1.362,27.0,10.4425,0.0,27.01,0,0,0.0,,「扳机」型
「扳机」,普通攻击：无音狙杀,反击,2.339,0.213,1.488,0.068,6.957,193.22,53.1575,0.0,193.23,0,0,0.0,,「扳机」型
「扳机」,普通攻击：无音狙杀,终结,1.312,0.12,0.656,0.03,4.489,119.26,34.2925,0.0,74.55,0,0,0.0,,「扳机」型
「扳机」,普通攻击：协奏狙杀,单段，未 * 2,0.479,0.044,0.359,0.017,0.0,10.86,0.0,0.0,0.0,0,0,0.0,,「扳机」型
「扳机」,特殊技：幽闪,,0.715,0.065,0.715,0.033,0.0,65.0,17.875,0.0,65.0,1,1,0.0,,
「扳机」,强化特殊技：幽闪花葬,,6.344,0.577,4.327,0.197,0.0,356.66,210.8425,0.0,233.34,1,2,0.0,,
「扳机」,冲刺攻击：怨魂返,,0.514,0.047,0.257,0.012,0.841,0.0,6.435,0.0,23.36,2,3,0.0,,「扳机」型
「扳机」,闪避反击：极魂罚,,2.197,0.2,1.944,0.089,2.76,76.66,21.0925,0.0,226.67,2,4,0.0,,「扳机」型
「扳机」,连携技：冥河之引,,5.747,0.523,1.358,0.062,0.0,322.86,216.81,0.0,123.37,3,5,0.0,,
「扳机」,终结技：冥府挽歌,,14.805,1.346,9.22,0.42,0.0,76.66,0.0,0.0,576.67,3,6,0.0,,
「扳机」,快速支援：冷枪援护,,0.844,0.077,0.844,0.039,2.76,76.66,21.0925,0.0,38.34,6,7,0.0,,「扳机」型
「扳机」,招架支援：死线偏移,轻招架,0.0,0,2.713,0.124,0.0,0.0,0.0,0.0,366.64,6,8,0.0,,
「扳机」,招架支援：死线偏移,重招架,0.0,0,3.428,0.156,0.0,0.0,0.0,0.0,416.64,6,8,0.0,,
「扳机」,招架支援：死线偏移,连续招架,0.0,0,1.668,0.076,0.0,0.0,0.0,0.0,116.64,6,8,0.0,,
「扳机」,支援突击：殛雷穿心,,4.329,0.394,3.274,0.149,0.0,369.51,121.4125,0.0,201.7,6,9,0.0,,「扳机」型
「扳机」,普通攻击：协奏狙杀·冥狱,连射（单段，未 * 3）,0.226,0.021,0.17,0.008,0.0,20.49,0.0,0.0,0.0,0,0,0.0,,「扳机」型
「扳机」,普通攻击：协奏狙杀·冥狱,终结,0.452,0.042,0.34,0.016,0.0,40.98,0.0,0.0,0.0,0,0,0.0,,「扳机」型
「扳机」,匿息隐踪,[断离],2.0,0,1.2,0.0,0.0,0.0,0.0,0.0,0.0,0,0,0.0,,「扳机」型
仪玄,普通攻击：霄云劲,一段,0.458,0.042,0.286,0.013,0.0,25.96,7.15,0.52,25.97,0,0,0.0,,
仪玄,普通攻击：霄云劲,二段,0.655,0.06,0.689,0.032,0.0,62.6,17.2425,1.253,62.61,0,0,0.0,,
仪玄,普通攻击：霄云劲,三段,0.871,0.08,0.858,0.039,0.0,77.91,21.45,1.559,77.92,0,0,0.0,,
仪玄,普通攻击：霄云劲,四段,1.048,0.096,1.118,0.051,0.0,101.59,27.94,2.032,101.6,0,0,0.0,,
仪玄,普通攻击：墨影凝云,墨影凝云总,2.347,0.214,2.934,0.134,0.0,266.7,73.37,5.335,266.71,0,0,0.0,,
仪玄,普通攻击：霄云劲,五段,1.137,0.104,1.057,0.049,0.0,96.06,26.4275,1.922,96.07,0,0,0.0,,
仪玄,普通攻击：青溟震击,,1.106,0.101,1.063,0.049,0.0,96.63,26.5925,0.0,96.64,0,0,0.0,,
仪玄,特殊技：烬影诀,,0.521,0.048,0.651,0.03,0.0,59.16,16.28,0.0,59.17,1,1,0.0,,
仪玄,强化特殊技：墨痕化形,,3.003,0.273,1.729,0.079,0.0,197.87,54.4225,0.0,108.31,1,2,0.0,,
仪玄,冲刺攻击：凌云破,,0.499,0.046,0.312,0.015,0.0,28.33,7.81,0.567,28.34,2,3,0.0,,
仪玄,闪避反击：除祟一击,,2.196,0.2,2.365,0.108,0.0,114.96,31.625,2.3,264.97,2,4,0.0,,
仪玄,连携技：玄墨迅击,,5.331,0.485,2.274,0.104,0.0,406.2,239.745,0.0,206.71,3,5,0.0,,
仪玄,终结技：青溟云影,,18.534,1.685,4.071,0.186,0.0,370.03,0.0,0.0,870.04,3,6,0.0,,
仪玄,快速支援：流云影身,,1.012,0.092,0.633,0.029,0.0,57.48,15.8125,1.15,57.49,6,7,0.0,,
仪玄,招架支援：清霄劲,轻招架,0.0,0,2.713,0.124,0.0,0.0,0.0,0.0,366.64,6,8,0.0,,
仪玄,招架支援：清霄劲,重招架,0.0,0,3.428,0.156,0.0,0.0,0.0,0.0,416.64,6,8,0.0,,
仪玄,招架支援：清霄劲,连续招架,0.0,0,1.668,0.076,0.0,0.0,0.0,0.0,116.64,6,8,0.0,,
仪玄,支援突击：霄云迅击,,2.97,0.27,3.229,0.147,0.0,315.51,104.9125,0.0,161.71,6,9,0.0,,
仪玄,终结技：符法千重,,14.662,1.333,2.494,0.114,0.0,226.7,0.0,0.0,726.71,3,6,0.0,,
仪玄,普通攻击：玄墨极阵,玄墨极阵总,3.052,0.278,2.934,0.134,0.0,266.7,73.37,0.0,266.71,0,0,0.0,,
仪玄,强化特殊技：凝云术,蓄力期间总,6.718,0.611,4.8,0.219,0.0,503.33,174.185,0.0,200.0,1,2,0.0,,
仪玄,强化特殊技：墨痕化形,[强化特殊技：霄云迅击-破]总,3.706,0.337,2.944,0.134,0.0,299.04,99.0275,0.0,156.71,1,2,0.0,,
仪玄,强化特殊技：墨痕化形,蓄力完成追加,1.496,0.136,0.758,0.035,0.0,55.83,30.14,0.0,20.0,1,2,0.0,,
仪玄,强化特殊技：墨痕化形,[强化特殊技：青溟震击]总,4.264,0.388,2.853,0.13,0.0,305.45,108.625,0.0,96.64,1,2,0.0,,
仪玄,强化特殊技：墨烬影消,,2.343,0.213,1.421,0.065,0.0,157.16,58.2175,0.0,30.01,1,2,0.0,,
仪玄,强化特殊技：符法千重-破,,12.0,0,3.741,0.0,0.0,226.7,62.37,0.0,226.71,1,2,0.0,,
零号·安比,普通攻击：电击穿,一段,0.327,0.03,0.279,0.013,0.912,25.32,6.985,0.0,25.33,0,0,0.0,4.7029,
零号·安比,普通攻击：电击穿,二段,0.622,0.057,0.545,0.025,1.784,49.54,13.64,0.0,49.55,0,0,0.0,7.4633,
零号·安比,普通攻击：电击穿,三段,0.801,0.073,0.719,0.033,2.35,65.27,17.9575,0.0,65.28,0,0,0.0,8.0766,
零号·安比,普通攻击：电击穿,三段终结,0.399,0.037,0.621,0.029,2.031,56.4,15.5375,0.0,56.41,0,0,0.0,7.3327,
零号·安比,普通攻击：电击穿,四段,1.545,0.141,1.377,0.063,4.506,125.16,34.43,0.0,125.17,0,0,0.0,16.2717,
零号·安比,普通攻击：电击穿,五段,1.485,0.135,1.309,0.06,4.283,118.95,32.725,0.0,118.96,0,0,0.0,17.1818,
零号·安比,特殊技：苍光,[白雷],1.672,0.152,0.0,0.0,0.0,0.0,0.0,0.0,0.0,1,1,0.0,0,
零号·安比,特殊技：雷殛,[雷殛],1.881,0.171,0.0,0.0,0.0,0.0,0.0,0.0,0.0,1,1,0.0,0,
零号·安比,特殊技：苍光,,0.43,0.04,0.331,0.016,0.0,30.03,8.2775,0.0,30.04,1,1,0.0,0,
零号·安比,特殊技：星雷,,0.596,0.055,0.596,0.028,0.0,54.16,14.905,0.0,54.17,1,1,0.0,14.0834,
零号·安比,强化特殊技：极雷断空,,3.796,0.346,4.586,0.209,0.0,464.96,167.5575,0.0,128.37,1,2,0.0,100,
零号·安比,冲刺攻击：奔流,,0.825,0.075,0.413,0.019,1.35,37.48,10.3125,0.0,37.49,2,3,0.0,4.8729,
零号·安比,闪避反击：地闪回击,,2.506,0.228,2.182,0.1,3.539,98.3,27.06,0.0,248.31,2,4,0.0,50,
零号·安比,连携技：疾跃落雷,,5.638,0.513,1.981,0.091,0.0,379.5,232.4025,0.0,180.01,3,5,0.0,23.4001,
零号·安比,终结技：斩空掠电,,17.349,1.578,2.769,0.126,0.0,251.66,0.0,0.0,751.67,3,6,0.0,0,
零号·安比,快速支援：云闪,,1.082,0.099,1.082,0.05,1.77,98.3,27.06,0.0,49.16,6,7,0.0,6.3896,
零号·安比,招架支援：逆极反袭,轻招架,0.0,0,2.713,0.124,0.0,0.0,0.0,0.0,366.64,6,8,0.0,0,
零号·安比,招架支援：逆极反袭,重招架,0.0,0,3.428,0.156,0.0,0.0,0.0,0.0,416.64,6,8,0.0,0,
零号·安比,招架支援：逆极反袭,连续招架,0.0,0,1.668,0.076,0.0,0.0,0.0,0.0,116.64,6,8,0.0,0,
零号·安比,支援突击：直击先导,,4.071,0.371,3.562,0.162,0.0,346.92,114.51,0.0,184.97,6,9,0.0,24.0457,
零号·安比,普通攻击：电击穿,三段（强化后）,1.001,0.091,0.77,0.035,2.52,69.99,19.25,0.0,70.0,0,0,0.0,8.0766,
零号·安比,特殊技：苍光·临界,,2.494,0.227,0.954,0.044,0.0,86.66,23.8425,0.0,86.67,1,1,0.0,0,
橘福福,普通攻击：恶虎七式·燎身爪,一段,0.425,0.039,0.485,0.023,1.587,0.0,12.1275,0.0,44.07,0,0,0.0,,
橘福福,普通攻击：恶虎七式·燎身爪,二段,0.452,0.042,0.391,0.018,1.279,0.0,9.79,0.0,35.52,0,0,0.0,,
橘福福,普通攻击：恶虎七式·燎身爪,三段,0.315,0.029,0.485,0.023,1.586,44.04,12.1275,0.0,44.05,0,0,0.0,,
橘福福,普通攻击：恶虎七式·燎身爪,四段,2.184,0.199,1.339,0.061,4.382,121.71,33.495,0.0,121.72,0,0,0.0,,
橘福福,普通攻击：「虎威」,,0.924,0.084,0.693,0.032,0.0,0.0,0.0,0.0,0.0,0,0,0.0,,
橘福福,特殊技：恶虎七式·下山虎,,0.661,0.061,0.661,0.031,0.0,60.01,16.5275,0.0,60.02,1,1,0.0,,
橘福福,强化特殊技：恶虎七式改·下山猛虎,,5.265,0.479,3.441,0.157,0.0,512.12,181.9675,0.0,163.31,1,2,0.0,,
橘福福,冲刺攻击：恶虎七式·虎奔,,0.368,0.034,0.184,0.009,0.601,0.0,4.5925,0.0,16.69,2,3,0.0,,
橘福福,冲刺攻击：恶虎七式·山君鼎戏,,0.184,0.017,0.184,0.009,0.601,0.0,4.5925,0.0,0.0,2,3,0.0,,
橘福福,冲刺攻击：恶虎七式·山君鼎戏·威势,,0.192,0.018,0.087,0.004,0.0,0.0,0.0,0.0,0.0,2,3,0.0,,
橘福福,闪避反击：恶虎七式·离火回峰,,2.078,0.189,1.853,0.085,2.462,68.36,18.81,0.0,218.37,2,4,0.0,,
橘福福,连携技：虎釜崩,,6.681,0.608,1.605,0.073,0.0,308.08,148.7475,0.0,208.34,3,5,0.0,,
橘福福,连携技：虎釜震煞,,3.545,0.323,2.216,0.101,0.0,60.41,45.4025,0.0,0.0,3,5,0.0,,
橘福福,终结技：恶虎七式·猛虎炸开花,,16.638,1.513,10.907,0.496,0.0,210.03,0.0,0.0,710.04,3,6,0.0,,
橘福福,快速支援：怒决蹯,,0.753,0.069,0.377,0.018,1.231,34.18,9.405,0.0,34.19,6,7,0.0,,
橘福福,招架支援：岿然虎踞,轻招架,0.0,0,2.013,0.092,0.0,0.0,0.0,0.0,366.64,6,8,0.0,,
橘福福,招架支援：岿然虎踞,重招架,0.0,0,2.728,0.124,0.0,0.0,0.0,0.0,416.64,6,8,0.0,,
橘福福,招架支援：岿然虎踞,连续招架,0.0,0,1.368,0.063,0.0,0.0,0.0,0.0,116.64,6,8,0.0,,
橘福福,支援突击：彪形焰颌,,4.072,0.371,2.563,0.117,0.0,346.97,114.51,0.0,185.01,6,9,0.0,,
爱丽丝,普通攻击：星仪序曲,一段,0.551,0.051,0.397,0.019,1.441,29.76,7.7275,0.0,40.03,0,0,0.0,9.8177,
爱丽丝,普通攻击：星仪序曲,二段,0.88,0.08,0.698,0.032,2.538,52.13,13.585,0.0,70.48,0,0,0.0,15.6912,
爱丽丝,普通攻击：星仪序曲,三段,0.661,0.061,0.599,0.028,2.179,44.45,11.66,0.0,60.51,0,0,0.0,11.7733,
爱丽丝,普通攻击：星仪序曲,四段,1.119,0.102,1.051,0.048,3.82,77.81,20.4325,0.0,106.09,0,0,0.0,19.9492,
爱丽丝,普通攻击：星仪序曲,五段,1.303,0.119,1.317,0.06,4.787,97.2,25.6025,0.0,132.95,0,0,0.0,23.2261,
爱丽丝,普通攻击：星仪序曲,五段（强化）,2.183,0.199,2.109,0.096,7.667,156.0,41.0025,0.0,212.96,0,0,0.0,38.9238,
爱丽丝,强化特殊技：极光突刺·南十字,,5.32,0.484,4.053,0.185,0.0,364.46,107.3875,0.0,186.67,1,2,0.0,106.4254,
爱丽丝,特殊技：破晓突刺,,0.624,0.057,0.561,0.026,0.0,39.65,21.835,0.0,56.66,1,1,0.0,9.558,
爱丽丝,强化特殊技：极光突刺·北十字,,4.6,0.419,3.452,0.157,0.0,317.06,93.9125,0.0,139.97,1,2,0.0,100.3584,
爱丽丝,普通攻击：星芒圆舞曲,一段蓄力,1.889,0.172,0.553,0.026,0.0,78.16,21.505,0.0,111.67,0,0,0.0,0,
爱丽丝,普通攻击：星芒圆舞曲,二段蓄力,3.044,0.277,0.776,0.036,0.0,109.66,30.1675,0.0,156.67,0,0,0.0,0,
爱丽丝,普通攻击：星芒圆舞曲,三段蓄力,9.657,0.878,1.972,0.09,0.0,467.83,76.6975,0.0,398.34,0,0,0.0,0,
爱丽丝,冲刺攻击：剑舞之风,,0.753,0.069,0.339,0.016,1.231,23.92,6.6,0.0,34.19,2,3,0.0,5.7675,
爱丽丝,闪避反击：剑闪之仪,,2.84,0.259,2.195,0.1,4.38,85.16,23.43,0.0,271.67,2,4,0.0,23.8736,
爱丽丝,连携技：星落间章,,6.663,0.606,2.047,0.094,0.0,284.34,167.805,0.0,206.71,3,5,0.0,40.559,
爱丽丝,终结技：星芒终章,,22.62,2.057,2.426,0.111,0.0,722.25,0.0,0.0,745.04,3,6,0.0,0,
爱丽丝,快速支援：交替穿刺,,1.633,0.149,1.469,0.067,2.671,103.85,28.5725,0.0,74.19,6,7,0.0,12.5163,
爱丽丝,招架支援：对抗防守,轻招架,0.0,0,2.442,0.111,0.0,0.0,0.0,0.0,366.64,6,8,0.0,0,
爱丽丝,招架支援：对抗防守,重招架,0.0,0,3.086,0.141,0.0,0.0,0.0,0.0,416.64,6,8,0.0,0,
爱丽丝,招架支援：对抗防守,连续招架,0.0,0,1.502,0.069,0.0,0.0,0.0,0.0,116.64,6,8,0.0,0,
爱丽丝,支援突击：交叉还击,,3.327,0.303,2.584,0.118,0.0,197.17,66.1925,0.0,136.64,6,9,0.0,81.3164,
柚叶,普通攻击：狸之爪,一段,0.377,0.035,0.44,0.02,1.44,16.18,11.0,0.0,39.98,0,0,0.0,,
柚叶,普通攻击：狸之爪,二段,0.577,0.053,0.631,0.029,2.064,26.82,15.785,0.0,57.34,0,0,0.0,,
柚叶,普通攻击：狸之爪,三段,0.66,0.06,0.66,0.03,2.157,31.64,16.5,0.0,59.92,0,0,0.0,,
柚叶,普通攻击：狸之爪,四段,0.981,0.09,1.127,0.052,3.686,62.96,28.16,0.0,102.39,0,0,0.0,,
柚叶,普通攻击：狸之爪,五段,1.641,0.15,1.636,0.075,5.352,88.39,40.8925,0.0,148.67,0,0,0.0,,
柚叶,特殊技：软糖轰击,,0.505,0.046,0.505,0.023,0.0,45.83,12.6225,0.0,45.84,1,1,0.0,,
柚叶,强化特殊技：小心蛀牙,,4.21,0.383,4.21,0.192,0.0,482.08,188.8425,0.0,180.0,1,2,0.0,,
柚叶,强化特殊技：小心蛀牙，就是现在！,,2.414,0.22,2.67,0.122,0.0,324.62,140.745,0.0,63.37,1,2,0.0,,
柚叶,冲刺攻击：你要倒霉了！,,0.698,0.064,0.349,0.016,1.141,31.68,8.7175,0.0,31.69,2,3,0.0,,
柚叶,闪避反击：报复开始~,,2.769,0.252,2.384,0.109,4.202,116.69,32.0925,0.0,266.7,2,4,0.0,,
柚叶,连携技：恶作剧合战,,5.987,0.545,2.329,0.106,0.0,344.69,241.0925,0.0,211.7,3,5,0.0,,
柚叶,终结技：不投降就捣乱,,14.432,1.312,2.86,0.13,0.0,259.96,0.0,0.0,759.97,3,6,0.0,,
柚叶,快速支援：甜点时间,,1.229,0.112,0.615,0.028,2.011,55.84,15.3725,0.0,55.85,6,7,0.0,,
柚叶,招架支援：糖分补充,轻招架,0.0,0,2.952,0.135,0.0,0.0,0.0,0.0,383.34,6,8,0.0,,
柚叶,招架支援：糖分补充,重招架,0.0,0,3.428,0.156,0.0,0.0,0.0,0.0,416.64,6,8,0.0,,
柚叶,招架支援：糖分补充,连续招架,0.0,0,1.668,0.076,0.0,0.0,0.0,0.0,116.64,6,8,0.0,,
柚叶,支援突击：来块曲奇,,2.943,0.268,2.514,0.115,0.0,248.01,84.2875,0.0,111.7,6,9,0.0,,
柚叶,普通攻击：硬糖射击,,1.32,0.12,0.88,0.04,0.0,0.0,0.0,0.0,0.0,0,0,0.0,,
柚叶,普通攻击：狸之帐,招架,0.0,0,1.668,0.076,0.0,0.0,0.0,0.0,116.64,0,8,0.0,,
柚叶,普通攻击：彩糖花火,,0.275,0.025,0.0,0.0,0.0,17.66,0.0,0.0,0.0,0,0,0.0,,
柚叶,普通攻击：彩糖花火·极,,3.08,0.28,0.0,0.0,0.0,120.0,0.0,0.0,0.0,0,0,0.0,,
柚叶,普通攻击：狸之助,狸猫阿釜协同柚叶攻击,1.1,0.1,0.0,0.0,0.0,0.0,0.0,0.0,0.0,0,0,0.0,,
柚叶,普通攻击：狸之助,狸猫阿釜自主攻击,1.1,0.1,0.0,0.0,0.0,0.0,0.0,0.0,0.0,0,0,0.0,,
柚叶,支援突击：夹心硬糖射击,,4.636,0.422,4.087,0.186,0.0,396.42,129.635,0.0,221.64,6,9,0.0,,
潘引壶,普通攻击：极意连打,一段,0.497,0.046,0.249,0.012,0.894,24.8,6.8475,0.0,24.81,0,0,0.0,,
潘引壶,普通攻击：极意连打,二段,0.498,0.046,0.475,0.022,1.708,47.44,13.0625,0.0,47.45,0,0,0.0,,
潘引壶,普通攻击：极意连打,三段,1.094,0.1,0.843,0.039,3.035,84.29,23.1825,0.0,84.3,0,0,0.0,,
潘引壶,普通攻击：极意连打,四段,2.113,0.193,1.665,0.076,5.994,166.48,45.7875,0.0,166.49,0,0,0.0,,
潘引壶,特殊技：爆音点穴指,,0.625,0.057,0.625,0.029,0.0,62.48,17.1875,0.0,62.49,1,1,0.0,,
潘引壶,特殊技：断脉破穴手,,3.841,0.35,2.573,0.117,0.0,283.12,99.2475,0.0,101.7,1,2,0.0,,
潘引壶,强化特殊技：贴山震脉靠,一段,0.973,0.089,0.417,0.019,0.0,48.61,19.1125,0.0,0.0,1,1,0.0,,
潘引壶,强化特殊技：贴山震脉靠,二段,0.973,0.089,0.417,0.019,0.0,48.61,19.1125,0.0,0.0,1,1,0.0,,
潘引壶,强化特殊技：贴山震脉靠,三段,0.973,0.089,0.417,0.019,0.0,48.61,19.1125,0.0,0.0,1,1,0.0,,
潘引壶,冲刺攻击：热油鼎盛,,0.834,0.076,0.417,0.019,1.501,41.66,11.4675,0.0,41.67,2,3,0.0,,
潘引壶,闪避反击：四两拨千斤,,2.192,0.2,1.917,0.088,3.3,91.66,25.2175,0.0,241.67,2,4,0.0,,
潘引壶,连携技：锅气灌顶,,6.323,0.575,2.333,0.107,0.0,432.79,247.0325,0.0,233.3,3,5,0.0,,
潘引壶,终结技：满汉全席！,,16.279,1.48,0.984,0.045,0.0,98.33,0.0,0.0,598.34,3,6,0.0,,
潘引壶,快速支援：抬头见喜,,0.917,0.084,0.459,0.021,1.65,45.83,12.6225,0.0,45.84,6,7,0.0,,
潘引壶,招架支援：见敌卸甲,轻招架,0.0,0,2.251,0.103,0.0,0.0,0.0,0.0,350.04,6,8,0.0,,
潘引壶,招架支援：见敌卸甲,重招架,0.0,0,2.684,0.122,0.0,0.0,0.0,0.0,383.34,6,8,0.0,,
潘引壶,招架支援：见敌卸甲,连续招架,0.0,0,1.084,0.05,0.0,0.0,0.0,0.0,83.34,6,8,0.0,,
潘引壶,支援突击：借势打势,,3.374,0.307,2.935,0.134,0.0,315.42,104.885,0.0,161.64,6,8,0.0,,
叶瞬光,普通攻击：快剑,一段,0.794,0.073,0.265,0.013,1.734,0.0,10.615,0.0,48.17,0,0,0.0,0.1397,
叶瞬光,普通攻击：快剑,二段,2.441,0.222,0.775,0.036,5.07,0.0,30.9925,0.0,140.84,0,0,0.0,0.3374,
叶瞬光,普通攻击：快剑,三段,1.246,0.114,0.354,0.017,2.315,0.0,14.1625,0.0,64.31,0,0,0.0,0.1246,
叶瞬光,普通攻击：流云剑意,每道剑气,1.167,0.107,0.367,0.017,0.0,0.0,9.185,0.0,41.66,0,0,0.0,0.0917,
叶瞬光,普通攻击：快剑,四段,3.68,0.335,1.073,0.049,7.019,0.0,42.9,0.0,194.97,0,0,0.0,0.3996,
叶瞬光,普通攻击：明心境·分水行,一段,1.126,0.103,0.358,0.017,0.0,65.0,14.3,0.0,65.0,0,0,0.0,,
叶瞬光,普通攻击：明心境·分水行,二段,1.559,0.142,0.495,0.023,0.0,90.0,19.8,0.0,90.0,0,0,0.0,,
叶瞬光,普通攻击：明心境·分水行,三段,2.166,0.197,0.688,0.032,0.0,125.0,27.5275,0.0,125.01,0,0,0.0,,
叶瞬光,普通攻击：明心境·斩流光 极,,6.048,0.55,0.77,0.035,0.0,140.0,30.8,0.0,140.0,0,0,0.0,,
叶瞬光,普通攻击：明心境·斩流光,一段,1.207,0.11,0.34,0.016,0.0,61.66,13.585,0.0,61.67,0,0,0.0,,
叶瞬光,普通攻击：明心境·斩流光,二段,1.565,0.143,0.44,0.02,0.0,80.0,17.6,0.0,80.0,0,0,0.0,,
叶瞬光,普通攻击：明心境·斩流光 灭,无青溟剑势时,1.599,0.146,0.45,0.021,0.0,81.69,17.985,0.0,81.7,0,0,0.0,,
叶瞬光,普通攻击：明心境·斩流光 灭,有青溟剑势时,8.912,0.811,0.578,0.027,0.0,105.03,23.1275,0.0,150.0,0,0,0.0,,
叶瞬光,特殊技：引沧澜,,0.989,0.09,0.243,0.012,0.0,0.0,9.735,0.0,44.15,1,1,0.0,0,
叶瞬光,特殊技：引沧澜,触发极限闪避,3.159,0.288,1.321,0.061,0.0,0.0,30.8275,0.0,290.01,1,1,0.0,0.6081,
叶瞬光,强化特殊技：定风波,,11.784,1.072,3.401,0.155,0.0,0.0,185.185,0.0,283.34,1,2,0.0,0,
叶瞬光,普通攻击：明心境·扶摇势,,0.91,0.083,0.358,0.017,0.0,32.5,7.15,0.0,32.5,0,0,0.0,,
叶瞬光,强化特殊技：明心境·飞光,消耗6点青溟剑势（消耗1点为1/6）,10.58,0.962,1.082,0.05,0.0,196.66,43.285,0.0,196.67,1,2,0.0,,
叶瞬光,强化特殊技：明心境·归尘,,11.611,1.056,1.394,0.064,0.0,253.33,55.7425,0.0,253.34,1,2,0.0,,
叶瞬光,冲刺攻击：如影疾行,,1.05,0.096,0.207,0.01,1.35,0.0,8.25,0.0,37.5,2,4,0.0,0.0825,
叶瞬光,特殊技：明心境·拂衣去,,0.71,0.065,0.175,0.008,0.0,31.66,6.985,0.0,31.67,1,1,0.0,,
叶瞬光,闪避反击：燕袭,,3.463,0.315,1.174,0.054,4.08,0.0,24.9425,0.0,263.34,2,4,0.0,0.2494,
叶瞬光,连携技：斩邪祟,,8.716,0.793,1.815,0.083,0.0,0.0,218.9,0.0,329.97,3,5,0.0,0.2541,
叶瞬光,终结技：逐云惊霆,,19.25,1.75,0.55,0.025,0.0,100.0,0.0,0.0,600.0,3,6,0.0,,
叶瞬光,连携技：明心境·掣惊雷,,9.086,0.826,1.375,0.063,0.0,449.5,201.3,0.0,250.0,3,5,0.0,,
叶瞬光,终结技：斩妄开天,,30.843,2.804,1.513,0.069,0.0,275.0,0.0,0.0,275.0,3,6,0.0,,
叶瞬光,登场技：照影,,4.004,0.364,1.21,0.055,0.0,220.0,48.4,0.0,220.0,6,7,0.0,,
叶瞬光,快速支援：援守,,0.805,0.074,0.317,0.015,2.07,0.0,12.65,0.0,57.5,6,7,0.0,0,
叶瞬光,招架支援：归去时,轻招架,0.0,0,1.953,0.089,0.0,0.0,0.0,0.0,450.04,6,8,0.0,,
叶瞬光,招架支援：归去时,重招架,0.0,0,2.072,0.095,0.0,0.0,0.0,0.0,466.64,6,8,0.0,,
叶瞬光,招架支援：归去时,连续招架,0.0,0,1.192,0.055,0.0,0.0,0.0,0.0,166.64,6,8,0.0,,
叶瞬光,支援突击：止戈,,4.137,0.377,1.4,0.064,0.0,0.0,74.03,0.0,131.67,6,9,0.0,0,
叶瞬光,支援突击：明心境·抱一,,4.3,0.391,1.46,0.067,0.0,286.22,76.78,0.0,140.0,6,9,0.0,,
叶瞬光,快速支援：明心境·策应,,0.673,0.062,0.331,0.016,0.0,60.0,13.2275,0.0,60.01,6,7,0.0,0,
真斗,普通攻击：炽风斩,一段,0.287,0.027,0.269,0.013,0.0,0.0,7.3975,0.806,26.87,0,0,0.0,,
真斗,普通攻击：炽风斩,二段A,0.382,0.035,0.362,0.017,0.0,0.0,9.955,1.086,36.18,0,0,0.0,,
真斗,普通攻击：炽风斩,二段B,0.445,0.041,0.431,0.02,0.0,0.0,11.8525,1.291,43.02,0,0,0.0,,
真斗,普通攻击：炽风斩,三段A,0.6,0.055,0.59,0.027,0.0,0.0,16.225,1.768,58.91,0,0,0.0,,
真斗,普通攻击：炽风斩,三段B,0.746,0.068,0.743,0.034,0.0,0.0,20.4325,2.227,74.24,0,0,0.0,,
真斗,普通攻击：炽风斩,一段（触发烬风）A,0.287,0.027,0.269,0.013,0.0,0.0,7.3975,0.806,26.87,0,0,0.0,,
真斗,普通攻击：炽风斩,二段（触发烬风）A,0.382,0.035,0.362,0.017,0.0,0.0,9.955,1.086,36.18,0,0,0.0,,
真斗,普通攻击：炽风斩,三段（触发烬风）A,0.6,0.055,0.59,0.027,0.0,0.0,16.225,1.768,58.91,0,0,0.0,,
真斗,普通攻击：炽风斩,一段（触发烬风）B,0.344,0.032,0.305,0.014,0.0,35.81,8.3875,0.914,30.45,0,0,0.0,,
真斗,普通攻击：炽风斩,二段（触发烬风）B,0.573,0.053,0.551,0.026,0.0,55.01,15.1525,1.651,55.02,0,0,0.0,,
真斗,普通攻击：炽风斩,三段（触发烬风）B,0.833,0.076,0.826,0.038,0.0,71.65,22.715,2.477,82.57,0,0,0.0,,
真斗,普通攻击：炽风·胧切,一段,0.531,0.049,0.388,0.018,0.0,38.75,10.67,1.163,38.76,0,0,0.0,,
真斗,普通攻击：炽风·胧切,二段,1.112,0.102,0.874,0.04,0.0,87.36,24.035,2.621,87.37,0,0,0.0,,
真斗,普通攻击：炽风·胧切,三段,1.545,0.141,1.416,0.065,0.0,141.53,38.94,4.247,141.54,0,0,0.0,,
真斗,普通攻击：炽风·胧切,四段,2.378,0.217,2.175,0.099,0.0,217.42,59.8125,6.523,217.43,0,0,0.0,,
真斗,特殊技：归烬,,0.507,0.047,0.476,0.022,0.0,47.52,13.09,0.0,47.53,1,1,0.0,,
真斗,特殊技：归烬,（蓄力或格挡成功）,1.307,0.119,1.226,0.056,0.0,122.52,33.715,0.0,122.53,1,1,0.0,,
真斗,强化特殊技：归烬·天坠,,6.526,0.594,6.622,0.301,0.0,738.91,266.53,0.0,201.67,1,1,0.0,,
真斗,冲刺攻击：曜刃·残心,,0.587,0.054,0.367,0.017,0.0,0.0,10.0925,1.1,36.67,2,3,0.0,,
真斗,闪避反击：曜刃·掠阵,,1.98,0.18,2.134,0.097,0.0,113.36,31.185,3.402,263.37,2,4,0.0,,
真斗,连携技：极炽炎爆,,4.833,0.44,2.051,0.094,0.0,404.5,239.2775,0.0,205.01,3,5,0.0,,
真斗,终结技：无想荒魂,,15.623,1.421,3.484,0.159,0.0,348.33,0.0,0.0,848.34,3,6,0.0,,
真斗,快速支援：孤影·归阵,,0.907,0.083,0.567,0.026,0.0,56.68,15.5925,1.701,56.69,6,7,0.0,,
真斗,招架支援：孤影·岳峙,轻招架,0.0,0,2.467,0.113,0.0,0.0,0.0,0.0,366.64,6,8,0.0,,
真斗,招架支援：孤影·岳峙,重招架,0.0,0,3.117,0.142,0.0,0.0,0.0,0.0,416.64,6,8,0.0,,
真斗,招架支援：孤影·岳峙,连续招架,0.0,0,1.517,0.069,0.0,0.0,0.0,0.0,116.64,6,8,0.0,,
真斗,支援突击：孤影·断獠,A,1.667,0.152,2.709,0.124,0.0,208.33,57.31,4.688,208.34,6,9,0.0,,
真斗,支援突击：孤影·断獠,B,4.034,0.367,2.1,0.096,0.0,210.0,57.75,7.863,210.0,6,9,0.0,,
真斗,招架支援：孤影·岳峙,,0.4,0.037,0.0,0.0,0.0,0.0,0.0,0.0,0.0,6,8,0.0,,
卢西娅,普通攻击：星轨连击,一段,0.409,0.038,0.661,0.031,2.161,31.44,16.5275,0.0,60.03,0,0,0.0,,
卢西娅,普通攻击：星轨连击,二段,0.278,0.026,0.367,0.017,1.202,20.25,9.185,0.0,33.37,0,0,0.0,,
卢西娅,普通攻击：星轨连击,三段,0.835,0.076,1.077,0.049,3.525,59.21,26.9225,0.0,97.9,0,0,0.0,,
卢西娅,普通攻击：星轨连击,四段,0.801,0.073,1.119,0.051,3.107,56.5,23.7325,0.0,101.71,0,0,0.0,,
卢西娅,普通攻击：星轨连击,随想,1.729,0.158,2.076,0.095,7.35,142.24,56.155,0.0,188.73,0,0,0.0,,
卢西娅,普通攻击：星轨连击,合唱,4.125,0.375,2.076,0.095,7.35,142.24,56.155,0.0,188.73,0,0,0.0,,
卢西娅,普通攻击：星轨连击,追加攻击,5.5,0.5,0.0,0.0,0.0,200.0,0.0,0.0,0.0,0,0,0.0,,
卢西娅,特殊技：死神协奏曲·风暴,随想,0.459,0.042,0.459,0.021,0.0,41.65,11.4675,0.0,41.66,1,1,0.0,,
卢西娅,特殊技：死神协奏曲·风暴,合唱,1.834,0.167,0.459,0.021,0.0,41.65,11.4675,0.0,41.66,1,1,0.0,,
卢西娅,特殊技：死神协奏曲·风暴,追加攻击,5.5,0.5,0.0,0.0,0.0,200.0,0.0,0.0,0.0,1,1,0.0,,
卢西娅,强化特殊技：死神协奏曲·破晓,,6.381,0.581,4.419,0.201,0.0,449.21,162.745,0.0,116.71,1,2,0.0,,
卢西娅,冲刺攻击：折光,,0.863,0.079,0.432,0.02,1.411,39.18,10.78,0.0,39.19,2,3,0.0,,
卢西娅,闪避反击：星尘回响,随想,2.483,0.226,2.164,0.099,3.482,96.7,26.62,0.0,246.71,2,4,0.0,,
卢西娅,闪避反击：星尘回响,合唱,3.858,0.351,2.164,0.099,3.482,96.7,26.62,0.0,246.71,2,4,0.0,,
卢西娅,快速支援：迷雾重击,追加攻击,5.5,0.5,0.0,0.0,0.0,200.0,0.0,0.0,0.0,6,7,0.0,,
卢西娅,连携技：璀色剧场,,6.167,0.561,1.778,0.081,0.0,361.13,227.3425,0.0,161.64,3,5,0.0,,
卢西娅,终结技：进击，大铠甲！,终结技,19.027,1.73,1.944,0.089,0.0,176.7,0.0,0.0,676.71,3,6,0.0,,
卢西娅,快速支援：迷雾重击,随想,1.064,0.097,0.532,0.025,1.741,48.35,13.31,0.0,48.36,6,7,0.0,,
卢西娅,招架支援：幻梦之声,轻招架,0.0,0,2.713,0.124,0.0,0.0,0.0,0.0,366.64,6,8,0.0,,
卢西娅,招架支援：幻梦之声,重招架,0.0,0,3.428,0.156,0.0,0.0,0.0,0.0,416.64,6,8,0.0,,
卢西娅,招架支援：幻梦之声,连续招架,0.0,0,1.668,0.076,0.0,0.0,0.0,0.0,116.64,6,8,0.0,,
卢西娅,支援突击：绘梦和声,,3.277,0.298,2.824,0.129,0.0,277.26,93.225,0.0,133.37,6,9,0.0,,
卢西娅,快速支援：迷雾重击,合唱,2.439,0.222,0.532,0.025,1.741,48.35,13.31,0.0,48.36,6,7,0.0,,
卢西娅,终结技：进击，大铠甲！,突进单次撞击,0.93,0.085,0.715,0.033,0.0,48.75,0.0,0.0,65.0,3,6,0.0,,
「席德」,普通攻击：霜蕊轮舞,一段,0.465,0.043,0.294,0.014,0.667,0.0,7.3425,0.0,26.67,0,0,0.0,2.9334,
「席德」,普通攻击：霜蕊轮舞,二段,1.241,0.113,0.829,0.038,1.884,0.0,20.735,0.0,75.34,0,0,0.0,8.2867,
「席德」,普通攻击：霜蕊轮舞,三段,0.718,0.066,0.446,0.021,1.014,40.53,11.165,0.0,40.54,0,0,0.0,4.4585,
「席德」,普通攻击：霜蕊轮舞,四段,3.586,0.326,2.265,0.103,5.146,205.83,56.6225,0.0,205.84,0,0,0.0,22.6419,
「席德」,特殊技：苍霜零落,,0.477,0.044,0.477,0.022,0.0,43.34,11.935,0.0,43.35,1,0,0.0,4.7685,
「席德」,普通攻击：落华·重戮,,1.666,0.152,1.448,0.066,3.291,131.63,36.2175,0.0,131.64,0,1,0.0,0,
「席德」,普通攻击：落华·崩坠一式,,5.283,0.481,0.679,0.031,1.543,61.69,16.9675,0.0,61.7,0,1,0.0,0,
「席德」,普通攻击：落华·崩坠二式,,9.894,0.9,1.688,0.077,3.835,153.36,42.185,0.0,153.37,0,1,0.0,0,
「席德」,强化特殊技：铁萼雨幕,,6.834,0.622,5.868,0.267,0.0,577.35,195.0025,0.0,269.97,1,2,0.0,29.6964,
「席德」,冲刺攻击：磁陨轮舞,,0.642,0.059,0.321,0.015,0.73,0.0,8.03,0.0,29.17,2,3,0.0,3.2084,
「席德」,闪避反击：裂萼纷华,,3.201,0.291,2.549,0.116,3.293,131.69,36.2175,0.0,281.7,2,4,0.0,24.487,
「席德」,连携技：落霰风暴,,7.342,0.668,2.953,0.135,0.0,467.86,256.685,0.0,268.37,3,5,0.0,29.5204,
「席德」,终结技：机芯花园·绽放！,,32.497,2.955,5.959,0.271,0.0,541.7,0.0,0.0,1041.71,3,6,0.0,0,
「席德」,快速支援：花雨齐射,,1.54,0.14,0.77,0.035,1.75,70.0,19.25,0.0,70.0,6,7,0.0,7.7,
「席德」,招架支援：雏华屏障,轻招架,0.0,0,2.713,0.124,0.0,0.0,0.0,0.0,366.64,6,8,0.0,0,
「席德」,招架支援：雏华屏障,重招架,0.0,0,3.428,0.156,0.0,0.0,0.0,0.0,416.64,6,8,0.0,0,
「席德」,招架支援：雏华屏障,连续招架,0.0,0,1.668,0.076,0.0,0.0,0.0,0.0,116.64,6,8,0.0,0,
「席德」,支援突击：绯芯爆裂,,4.56,0.415,4.016,0.183,0.0,389.76,127.6,0.0,216.71,6,9,0.0,23.8371,
「席德」,强化特殊技：铁萼雨幕·离,,0.184,0.017,0.092,0.005,0.0,8.33,2.31,0.0,8.34,1,2,0.0,0,
般岳,普通攻击：峥嵘,一段,0.396,0.036,0.371,0.017,0.0,33.72,9.295,1.35,33.73,0,0,0.0,,
般岳,普通攻击：峥嵘,二段,0.498,0.046,0.455,0.021,0.0,41.3,11.385,1.653,41.31,0,0,0.0,,
般岳,普通攻击：峥嵘,三段,1.013,0.093,0.986,0.045,0.0,89.57,24.64,3.584,89.58,0,0,0.0,,
般岳,普通攻击：峥嵘,四段,1.163,0.106,1.14,0.052,0.0,103.62,28.5175,4.146,103.63,0,0,0.0,,
般岳,普通攻击：崔巍,一段,0.528,0.048,0.495,0.023,0.0,45.0,12.375,1.8,45.0,0,0,0.0,,
般岳,普通攻击：崔巍,二段,0.704,0.064,0.643,0.03,0.0,58.44,16.0875,2.338,58.45,0,0,0.0,,
般岳,普通攻击：崔巍,三段,1.355,0.124,1.319,0.06,0.0,119.86,32.9725,4.795,119.87,0,0,0.0,,
般岳,普通攻击：崔巍,四段,0.924,0.084,0.918,0.042,0.0,83.45,22.9625,3.339,83.46,0,0,0.0,,
般岳,普通攻击：倾山,,8.698,0.791,2.018,0.092,0.0,183.36,50.435,0.0,183.37,0,0,0.0,,
般岳,普通攻击：摧岳,,3.783,0.344,1.522,0.07,0.0,138.29,38.0325,0.0,138.3,0,0,0.0,,
般岳,闪避：不动如山,,0.0,0,0.953,0.044,0.0,0.0,0.0,0.0,66.64,2,8,0.0,,
般岳,强化特殊技：山摇,,1.713,0.156,1.571,0.072,0.0,155.75,53.5425,0.0,65.04,1,1,0.0,,
般岳,强化特殊技：地动,,2.548,0.232,2.476,0.113,0.0,241.16,79.64,0.0,128.3,1,1,0.0,,
般岳,强化特殊技：狮子吼,,1.537,0.14,1.381,0.063,0.0,137.75,48.0425,0.0,51.71,1,1,0.0,,
般岳,强化特殊技：论道,,1.624,0.148,1.475,0.068,0.0,146.66,50.765,0.0,58.31,1,1,0.0,,
般岳,强化特殊技：狮子吼·怒,,3.001,0.273,2.021,0.092,0.0,205.71,74.745,0.0,51.71,1,1,0.0,,
般岳,强化特殊技：山摇·怒,,3.25,0.296,2.212,0.101,0.0,223.71,80.245,0.0,65.04,1,1,0.0,,
般岳,冲刺攻击：飞砂,,0.397,0.037,0.248,0.012,0.0,22.51,6.215,0.901,22.52,2,3,0.0,,
般岳,闪避反击：扬砾,,1.949,0.178,2.128,0.097,0.0,93.36,25.685,3.735,243.37,2,4,0.0,,
般岳,连携技：怒焰,,5.609,0.51,2.623,0.12,0.0,437.86,248.435,0.0,238.37,3,5,0.0,,
般岳,终结技：撼天动地,,15.984,1.454,2.677,0.122,0.0,243.29,0.0,0.0,743.3,3,6,0.0,,
般岳,快速支援：磐岩,,0.734,0.067,0.459,0.021,0.0,41.68,11.4675,1.668,41.69,6,7,0.0,,
般岳,招架支援：铁壁,轻招架,0.0,0,2.713,0.124,0.0,0.0,0.0,0.0,366.64,6,8,0.0,,
般岳,招架支援：铁壁,重招架,0.0,0,3.428,0.156,0.0,0.0,0.0,0.0,416.64,6,8,0.0,,
般岳,招架支援：铁壁,连续招架,0.0,0,1.668,0.076,0.0,0.0,0.0,0.0,116.64,6,8,0.0,,
般岳,支援突击：昂霄,,2.416,0.22,2.586,0.118,0.0,254.76,86.35,0.0,116.7,6,9,0.0,,
般岳,普通攻击：焚身,,1.106,0.101,1.063,0.049,0.0,96.63,26.5925,0.0,96.64,0,0,0.0,,
般岳,支援突击：冲霄,,2.216,0.202,2.384,0.109,0.0,116.69,32.0925,4.668,266.7,6,9,0.0,,
琉音,普通攻击：很高兴为您服务,一段,0.256,0.024,0.194,0.009,0.408,22.63,6.2425,0.0,22.64,0,0,0.0,,
琉音,普通攻击：很高兴为您服务,二段,0.513,0.047,0.435,0.02,0.893,49.58,13.64,0.0,49.59,0,0,0.0,,
琉音,普通攻击：很高兴为您服务,三段,0.648,0.059,0.616,0.028,1.237,68.71,18.92,0.0,68.72,0,0,0.0,,
琉音,普通攻击：很高兴为您服务,四段,0.995,0.091,0.995,0.046,2.263,125.69,30.2775,0.0,125.7,0,0,0.0,,
琉音,普通攻击：猜拳把戏,一段,0.895,0.082,0.714,0.033,1.98,55.0,15.125,0.0,55.0,0,0,0.0,,
琉音,普通攻击：猜拳把戏,二段,1.139,0.104,0.908,0.042,2.52,70.0,19.25,0.0,70.0,0,0,0.0,,
琉音,普通攻击：猜拳把戏,三段,1.031,0.094,0.822,0.038,2.28,63.33,17.435,0.0,63.34,0,0,0.0,,
琉音,普通攻击：猜拳把戏,四段,1.003,0.092,0.8,0.037,2.22,61.66,16.9675,0.0,61.67,0,0,0.0,,
琉音,强化特殊技：送客！,,5.497,0.5,3.365,0.153,2.881,160.03,44.0275,0.0,160.04,1,2,0.0,,
琉音,特殊技：欢迎手势,,0.542,0.05,0.542,0.025,0.0,49.18,13.53,0.0,49.19,1,1,0.0,,
琉音,强化特殊技：石头,,4.04,0.368,2.36,0.108,0.0,180.51,63.6625,0.0,61.7,1,2,0.0,,
琉音,强化特殊技：剪刀,,5.249,0.478,3.102,0.141,0.0,238.52,83.5175,0.0,86.67,1,2,0.0,,
琉音,强化特殊技：布！,,7.017,0.638,4.269,0.195,0.0,332.58,114.3725,0.0,138.34,1,2,0.0,,
琉音,冲刺攻击：突然来电,,0.605,0.055,0.303,0.014,0.99,27.5,7.5625,0.0,55.0,2,3,0.0,,
琉音,闪避反击：无法接听,,2.673,0.243,2.31,0.105,3.959,109.96,30.25,0.0,259.97,2,4,0.0,,
琉音,连携技：迎宾踏垫,,6.204,0.564,1.815,0.083,0.0,404.5,228.25,0.0,164.97,3,5,0.0,,
琉音,终结技：拨打用户即刻停机,,16.225,1.475,7.678,0.349,0.0,180.0,0.0,0.0,680.0,3,6,0.0,,
琉音,快速支援：呼叫转移,,1.21,0.11,0.605,0.028,1.98,54.98,15.125,0.0,109.97,6,7,0.0,,
琉音,招架支援：拒绝通话,轻招架,0.0,0,2.713,0.124,0.0,0.0,0.0,0.0,366.64,6,8,0.0,,
琉音,招架支援：拒绝通话,重招架,0.0,0,3.428,0.156,0.0,0.0,0.0,0.0,416.64,6,8,0.0,,
琉音,招架支援：拒绝通话,连续招架,0.0,0,1.668,0.076,0.0,0.0,0.0,0.0,116.64,6,8,0.0,,
琉音,支援突击：连环呼叫,,3.764,0.343,3.277,0.149,0.0,319.97,106.26,0.0,165.0,6,9,0.0,,
(Test1)千夏,(Test1)普通攻击：锤打脸,一段,0.434,0.04,0.326,0.015,0.901,25.0,6.9025,0.0,25.01,0,0,0.0,,
(Test1)千夏,(Test1)普通攻击：锤打脸,二段,1.759,0.16,1.369,0.063,3.791,105.3,28.985,0.0,105.31,0,0,0.0,,
(Test1)千夏,(Test1)普通攻击：锤打脸,三段,1.812,0.165,1.476,0.068,4.086,113.49,31.2125,0.0,113.5,0,0,0.0,,
(Test1)千夏,(Test1)普通攻击：锤打脸,四段,4.053,0.369,3.028,0.138,8.384,232.86,64.0475,0.0,232.87,0,0,0.0,,
(Test1)千夏,(Test1)普通攻击：猫抓脸,,3.9,0,0.0,0.0,0.0,0.0,0.0,0.0,0.0,0,0,0.0,,
(Test1)千夏,(Test1)特殊技：气枪,,0.564,0.052,0.564,0.026,0.0,43.35,11.935,0.0,43.36,1,1,0.0,,
(Test1)千夏,(Test1)强化特殊技：猫砸人,,11.092,1.009,4.955,0.226,0.0,417.14,159.775,0.0,164.97,1,2,0.0,,
(Test1)千夏,(Test1)强化特殊技：拍照合击,,8.262,0.752,5.0,0.228,0.0,410.01,172.6175,0.0,231.71,1,2,0.0,,
(Test1)千夏,(Test1)冲刺攻击：上挑,,0.997,0.091,0.499,0.023,1.381,38.33,10.56,0.0,38.34,2,3,0.0,,
(Test1)千夏,(Test1)闪避反击：三连挑,,3.188,0.29,2.753,0.126,4.022,111.69,30.7175,0.0,261.7,2,4,0.0,,
(Test1)千夏,(Test1)连携技：猫冲锋,,8.113,0.738,2.926,0.133,0.0,424.53,244.7775,0.0,225.04,3,5,0.0,,
(Test1)千夏,(Test1)终结技：打地鼠,,20.909,1.901,3.728,0.17,0.0,286.7,0.0,0.0,786.71,3,6,0.0,,
(Test1)千夏,(Test1)快速支援：三连挑,,0.727,0.067,0.727,0.034,2.011,55.84,15.3725,0.0,55.85,6,7,0.0,,
(Test1)千夏,(Test1)招架支援：挡,轻招架,0.0,0,3.207,0.146,0.0,0.0,0.0,0.0,366.64,6,8,0.0,,
(Test1)千夏,(Test1)招架支援：挡,重招架,0.0,0,4.052,0.185,0.0,0.0,0.0,0.0,416.64,6,8,0.0,,
(Test1)千夏,(Test1)招架支援：挡,连续招架,0.0,0,1.972,0.09,0.0,0.0,0.0,0.0,116.64,6,8,0.0,,
(Test1)千夏,(Test1)支援突击：锤,,5.357,0.487,4.717,0.215,0.0,387.42,126.885,0.0,214.97,6,9,0.0,,
(Test1)爱芮,(Test1)普通攻击：,一段,0.404,0.037,0.344,0.016,1.057,26.1,8.085,0.0,29.36,0,0,0.0,,
(Test1)爱芮,(Test1)普通攻击：,二段,0.847,0.077,0.68,0.031,2.106,51.53,16.0875,0.0,58.48,0,0,0.0,,
(Test1)爱芮,(Test1)普通攻击：,三段,1.082,0.099,0.823,0.038,2.561,62.14,19.58,0.0,71.14,0,0,0.0,,
(Test1)爱芮,(Test1)普通攻击：,四段,2.22,0.202,1.656,0.076,5.735,137.55,43.8075,0.0,159.3,0,0,0.0,,
(Test1)爱芮,(Test1)蓄力攻击：,(Test1)一段蓄力攻击,1.815,0.165,1.543,0.071,4.752,105.6,36.3,0.0,132.0,0,0,0.0,,
(Test1)爱芮,(Test1)蓄力攻击：,(Test1)二段蓄力攻击,2.072,0.189,1.761,0.081,5.424,120.53,41.4425,0.0,150.67,0,0,0.0,,
(Test1)爱芮,(Test1)蓄力攻击：,(Test1)三段蓄力攻击,2.53,0.23,1.1,0.05,3.6,144.0,27.5,0.0,100.0,0,0,0.0,,
(Test1)爱芮,(Test1)蓄力攻击：,(Test1)强化蓄力攻击,2.989,0.272,1.1,0.05,3.6,177.33,27.5,0.0,100.0,0,0,0.0,,
(Test1)爱芮,(Test1)特殊技：,,0.679,0.062,0.679,0.031,0.0,49.34,16.9675,0.0,61.69,1,1,0.0,,
(Test1)爱芮,(Test1)特殊技：变招,,1.025,0.094,0.789,0.036,2.58,62.45,19.7175,0.0,71.67,1,1,0.0,,
(Test1)爱芮,(Test1)强化特殊技：,,6.029,0.549,4.943,0.225,0.0,398.93,177.8425,0.0,153.34,1,2,0.0,,
(Test1)爱芮,(Test1)强化特殊技：二段,,6.362,0.579,5.253,0.239,0.0,422.29,186.78,0.0,174.97,1,2,0.0,,
(Test1)爱芮,(Test1)冲刺攻击：,,0.458,0.042,0.229,0.011,0.75,16.65,5.7475,0.0,20.82,2,3,0.0,,
(Test1)爱芮,(Test1)闪避反击：,,2.578,0.235,2.237,0.102,3.72,82.66,28.435,0.0,253.34,2,4,0.0,,
(Test1)爱芮,(Test1)连携技：,,6.699,0.609,2.31,0.105,0.0,327.57,240.625,0.0,209.97,3,5,0.0,,
(Test1)爱芮,(Test1)终结技：,,16.638,1.513,2.31,0.105,0.0,167.99,0.0,0.0,710.0,3,6,0.0,,
(Test1)爱芮,(Test1)快速支援：,,0.569,0.052,0.569,0.026,1.86,41.33,14.2175,0.0,51.67,6,7,0.0,,
(Test1)爱芮,(Test1)招架支援：,轻招架,0.0,0,2.713,0.124,0.0,0.0,0.0,0.0,366.64,6,8,0.0,,
(Test1)爱芮,(Test1)招架支援：,重招架,0.0,0,3.428,0.156,0.0,0.0,0.0,0.0,416.64,6,8,0.0,,
(Test1)爱芮,(Test1)招架支援：,连续招架,0.0,0,1.668,0.076,0.0,0.0,0.0,0.0,116.64,6,8,0.0,,
(Test1)爱芮,(Test1)支援突击：,,4.457,0.406,3.92,0.179,0.0,304.57,124.8225,0.0,210.01,6,9,0.0,,
